Workbook

Sheet Estimates-on-the-use-of-water-(
A1: name | B1: income_group | C1: income_group_num | D1: pop_n (th) | E1: pop_u % | F1: wat_bas_n | G1: wat_lim_n | H1: wat_unimp_n | I1: wat_sur_n | J1: wat_bas_r | K1: wat_lim_r | L1: wat_unimp_r | M1: wat_sur_r | N1: wat_bas_u | O1: wat_lim_u | P1: wat_unimp_u | Q1: wat_sur_u | R1: value_cnt | S1: pop_n_billion | T1: pop_u_value | U1: pop_r_value | V1: pop_u (th) | W1: pop_r (th) | X1: pop_r % | Y1: Rounded_up_pop_U % | Z1: Rounded_up_pop_R % | AA1: Rounded-up pop_n (m) | AB1: Rounded-up pop_u (m) | AC1: Rounded-up pop_r(m) | AD1: wat_bas_n(rounded) | AE1: Rounded-up pop_u (m) 2 | AF1: Column 1 | AG1: Column 2 | AH1: Column 3 | AI1: Column 4
A2: Tokelau | B2: NAN | C2: =IF(B2="NAN",0, IF(B2="Low income",1, IF(B2="Lower middle income",2, IF(B2="Upper middle income",3, IF(B2="High income",4,""))))) -> 0 | D2: 1.35 | E2: 0 | F2: 99.707677 | G2: 0 | H2: 0.29232335 | I2: 0 | J2: 99.707677 | K2: 0 | L2: 0.29232335 | M2: 0 | N2: NAN | O2: NAN | P2: NAN | Q2: NAN | R2: =COUNTA(A2:Q2) -> 17 | S2: =D2*1000 -> 1350 | T2: =S2*E2/100 -> 0 | U2: =S2*X2/100 -> 1350 | V2: =T2/1000 -> 0 | W2: =U2/1000 -> 1.35 | X2: =100-E2 -> 100 | Y2: =ROUNDUP(E2,0) -> 0 | Z2: =ROUNDUP(X2,0) -> 100 | AA2: =ROUNDUP(D2/1000,0) -> 1 | AB2: =ROUNDUP(V2/1000,0) -> 0 | AC2: =ROUNDUP(W2/1000,0) -> 1 | AD2: =ROUND(F2,0) -> 100 | AE2: =ROUNDUP(E2/1000,0) -> 0
A3: Niue | B3: NAN | C3: =IF(B3="NAN",0, IF(B3="Low income",1, IF(B3="Lower middle income",2, IF(B3="Upper middle income",3, IF(B3="High income",4,""))))) -> 0 | D3: 1.618 | E3: 46.202003 | F3: 97.010876 | G3: 0 | H3: 2.9891238 | I3: 0 | J3: NAN | K3: NAN | L3: NAN | M3: NAN | N3: NAN | O3: NAN | P3: NAN | Q3: NAN | R3: =COUNTA(A3:Q3) -> 17 | S3: =D3*1000 -> 1618 | T3: =S3*E3/100 -> 747.54843 | U3: =S3*X3/100 -> 870.4516 | V3: =T3/1000 -> 0.74754843 | W3: =U3/1000 -> 0.8704516 | X3: =100-E3 -> 53.797997 | Y3: =ROUNDUP(E3,0) -> 47 | Z3: =ROUNDUP(X3,0) -> 54 | AA3: =ROUNDUP(D3/1000,0) -> 1 | AB3: =ROUNDUP(V3/1000,0) -> 1 | AC3: =ROUNDUP(W3/1000,0) -> 1 | AD3: =ROUND(F3,0) -> 97 | AE3: =ROUNDUP(E3/1000,0) -> 1
A4: Falkland Islands (Malvinas) | B4: NAN | C4: =IF(B4="NAN",0, IF(B4="Low income",1, IF(B4="Lower middle income",2, IF(B4="Upper middle income",3, IF(B4="High income",4,""))))) -> 0 | D4: 3.483 | E4: 78.507996 | F4: 95.308927 | G4: 0 | H4: 4.6910726 | I4: 0 | J4: 78.172943 | K4: 0 | L4: 21.827057 | M4: 0 | N4: 100 | O4: 0 | P4: 0 | Q4: 0 | R4: =COUNTA(A4:Q4) -> 17 | S4: =D4*1000 -> 3483 | T4: =S4*E4/100 -> 2734.4335 | U4: =S4*X4/100 -> 748.56652 | V4: =T4/1000 -> 2.7344335 | W4: =U4/1000 -> 0.74856652 | X4: =100-E4 -> 21.492004 | Y4: =ROUNDUP(E4,0) -> 79 | Z4: =ROUNDUP(X4,0) -> 22 | AA4: =ROUNDUP(D4/1000,0) -> 1 | AB4: =ROUNDUP(V4/1000,0) -> 1 | AC4: =ROUNDUP(W4/1000,0) -> 1 | AD4: =ROUND(F4,0) -> 95 | AE4: =ROUNDUP(E4/1000,0) -> 1
A5: Montserrat | B5: NAN | C5: =IF(B5="NAN",0, IF(B5="Low income",1, IF(B5="Lower middle income",2, IF(B5="Upper middle income",3, IF(B5="High income",4,""))))) -> 0 | D5: 4.9990001 | E5: 9.1149998 | F5: 98.077483 | G5: 0 | H5: 1.9225174 | I5: 0 | J5: NAN | K5: NAN | L5: NAN | M5: NAN | N5: NAN | O5: NAN | P5: NAN | Q5: NAN | R5: =COUNTA(A5:Q5) -> 17 | S5: =D5*1000 -> 4999.0001 | T5: =S5*E5/100 -> 455.65885 | U5: =S5*X5/100 -> 4543.3412 | V5: =T5/1000 -> 0.45565885 | W5: =U5/1000 -> 4.5433412 | X5: =100-E5 -> 90.885 | Y5: =ROUNDUP(E5,0) -> 10 | Z5: =ROUNDUP(X5,0) -> 91 | AA5: =ROUNDUP(D5/1000,0) -> 1 | AB5: =ROUNDUP(V5/1000,0) -> 1 | AC5: =ROUNDUP(W5/1000,0) -> 1 | AD5: =ROUND(F5,0) -> 98 | AE5: =ROUNDUP(E5/1000,0) -> 1
A6: Saint Pierre and Miquelon | B6: NAN | C6: =IF(B6="NAN",0, IF(B6="Low income",1, IF(B6="Lower middle income",2, IF(B6="Upper middle income",3, IF(B6="High income",4,""))))) -> 0 | D6: 5.7950001 | E6: 89.961998 | F6: 91.4 | G6: 0 | H6: 8.6 | I6: 0 | J6: NAN | K6: NAN | L6: NAN | M6: NAN | N6: NAN | O6: NAN | P6: NAN | Q6: NAN | R6: =COUNTA(A6:Q6) -> 17 | S6: =D6*1000 -> 5795.0001 | T6: =S6*E6/100 -> 5213.2979 | U6: =S6*X6/100 -> 581.70222 | V6: =T6/1000 -> 5.2132979 | W6: =U6/1000 -> 0.58170222 | X6: =100-E6 -> 10.038002 | Y6: =ROUNDUP(E6,0) -> 90 | Z6: =ROUNDUP(X6,0) -> 11 | AA6: =ROUNDUP(D6/1000,0) -> 1 | AB6: =ROUNDUP(V6/1000,0) -> 1 | AC6: =ROUNDUP(W6/1000,0) -> 1 | AD6: =ROUND(F6,0) -> 91 | AE6: =ROUNDUP(E6/1000,0) -> 1
A7: Saint Helena | B7: NAN | C7: =IF(B7="NAN",0, IF(B7="Low income",1, IF(B7="Lower middle income",2, IF(B7="Upper middle income",3, IF(B7="High income",4,""))))) -> 0 | D7: 6.0710001 | E7: 40.082001 | F7: 99.1 | G7: 0 | H7: 0.9 | I7: 0 | J7: NAN | K7: NAN | L7: NAN | M7: NAN | N7: NAN | O7: NAN | P7: NAN | Q7: NAN | R7: =COUNTA(A7:Q7) -> 17 | S7: =D7*1000 -> 6071.0001 | T7: =S7*E7/100 -> 2433.3783 | U7: =S7*X7/100 -> 3637.6218 | V7: =T7/1000 -> 2.4333783 | W7: =U7/1000 -> 3.6376218 | X7: =100-E7 -> 59.917999 | Y7: =ROUNDUP(E7,0) -> 41 | Z7: =ROUNDUP(X7,0) -> 60 | AA7: =ROUNDUP(D7/1000,0) -> 1 | AB7: =ROUNDUP(V7/1000,0) -> 1 | AC7: =ROUNDUP(W7/1000,0) -> 1 | AD7: =ROUND(F7,0) -> 99 | AE7: =ROUNDUP(E7/1000,0) -> 1
A8: Saint Barthelemy | B8: NAN | C8: =IF(B8="NAN",0, IF(B8="Low income",1, IF(B8="Lower middle income",2, IF(B8="Upper middle income",3, IF(B8="High income",4,""))))) -> 0 | D8: 9.885 | E8: 100 | F8: 100 | G8: 0 | H8: 0 | I8: 0 | J8: NAN | K8: NAN | L8: NAN | M8: NAN | N8: 100 | O8: 0 | P8: 0 | Q8: 0 | R8: =COUNTA(A8:Q8) -> 17 | S8: =D8*1000 -> 9885 | T8: =S8*E8/100 -> 9885 | U8: =S8*X8/100 -> 0 | V8: =T8/1000 -> 9.885 | W8: =U8/1000 -> 0 | X8: =100-E8 -> 0 | Y8: =ROUNDUP(E8,0) -> 100 | Z8: =ROUNDUP(X8,0) -> 0 | AA8: =ROUNDUP(D8/1000,0) -> 1 | AB8: =ROUNDUP(V8/1000,0) -> 1 | AC8: =ROUNDUP(W8/1000,0) -> 0 | AD8: =ROUND(F8,0) -> 100 | AE8: =ROUNDUP(E8/1000,0) -> 1
A9: Nauru | B9: High income | C9: =IF(B9="NAN",0, IF(B9="Low income",1, IF(B9="Lower middle income",2, IF(B9="Upper middle income",3, IF(B9="High income",4,""))))) -> 4 | D9: 10.834 | E9: 100 | F9: 100 | G9: 0 | H9: 0 | I9: 0 | J9: NAN | K9: NAN | L9: NAN | M9: NAN | N9: 100 | O9: 0 | P9: 0 | Q9: 0 | R9: =COUNTA(A9:Q9) -> 17 | S9: =D9*1000 -> 10834 | T9: =S9*E9/100 -> 10834 | U9: =S9*X9/100 -> 0 | V9: =T9/1000 -> 10.834 | W9: =U9/1000 -> 0 | X9: =100-E9 -> 0 | Y9: =ROUNDUP(E9,0) -> 100 | Z9: =ROUNDUP(X9,0) -> 0 | AA9: =ROUNDUP(D9/1000,0) -> 1 | AB9: =ROUNDUP(V9/1000,0) -> 1 | AC9: =ROUNDUP(W9/1000,0) -> 0 | AD9: =ROUND(F9,0) -> 100 | AE9: =ROUNDUP(E9/1000,0) -> 1
A10: Wallis and Futuna Islands | B10: NAN | C10: =IF(B10="NAN",0, IF(B10="Low income",1, IF(B10="Lower middle income",2, IF(B10="Upper middle income",3, IF(B10="High income",4,""))))) -> 0 | D10: 11.246 | E10: 0 | F10: 99.143287 | G10: 0 | H10: 0.85671264 | I10: 0 | J10: 99.143287 | K10: 0 | L10: 0.85671264 | M10: 0 | N10: NAN | O10: NAN | P10: NAN | Q10: NAN | R10: =COUNTA(A10:Q10) -> 17 | S10: =D10*1000 -> 11246 | T10: =S10*E10/100 -> 0 | U10: =S10*X10/100 -> 11246 | V10: =T10/1000 -> 0 | W10: =U10/1000 -> 11.246 | X10: =100-E10 -> 100 | Y10: =ROUNDUP(E10,0) -> 0 | Z10: =ROUNDUP(X10,0) -> 100 | AA10: =ROUNDUP(D10/1000,0) -> 1 | AB10: =ROUNDUP(V10/1000,0) -> 0 | AC10: =ROUNDUP(W10/1000,0) -> 1 | AD10: =ROUND(F10,0) -> 99 | AE10: =ROUNDUP(E10/1000,0) -> 0
A11: Tuvalu | B11: Upper middle income | C11: =IF(B11="NAN",0, IF(B11="Low income",1, IF(B11="Lower middle income",2, IF(B11="Upper middle income",3, IF(B11="High income",4,""))))) -> 3 | D11: 11.792 | E11: 64.014 | F11: 100 | G11: 0 | H11: 0 | I11: 0 | J11: 100 | K11: 0 | L11: 0 | M11: 0 | N11: 100 | O11: 0 | P11: 0 | Q11: 0 | R11: =COUNTA(A11:Q11) -> 17 | S11: =D11*1000 -> 11792 | T11: =S11*E11/100 -> 7548.5308 | U11: =S11*X11/100 -> 4243.4691 | V11: =T11/1000 -> 7.5485308 | W11: =U11/1000 -> 4.2434691 | X11: =100-E11 -> 35.986 | Y11: =ROUNDUP(E11,0) -> 65 | Z11: =ROUNDUP(X11,0) -> 36 | AA11: =ROUNDUP(D11/1000,0) -> 1 | AB11: =ROUNDUP(V11/1000,0) -> 1 | AC11: =ROUNDUP(W11/1000,0) -> 1 | AD11: =ROUND(F11,0) -> 100 | AE11: =ROUNDUP(E11/1000,0) -> 1
A12: Cook Islands | B12: NAN | C12: =IF(B12="NAN",0, IF(B12="Low income",1, IF(B12="Lower middle income",2, IF(B12="Upper middle income",3, IF(B12="High income",4,""))))) -> 0 | D12: 17.563999 | E12: 75.495003 | F12: 99.97161 | G12: 0 | H12: 0.028389783 | I12: 0 | J12: NAN | K12: NAN | L12: NAN | M12: NAN | N12: NAN | O12: NAN | P12: NAN | Q12: NAN | R12: =COUNTA(A12:Q12) -> 17 | S12: =D12*1000 -> 17563.999 | T12: =S12*E12/100 -> 13259.942 | U12: =S12*X12/100 -> 4304.0575 | V12: =T12/1000 -> 13.259942 | W12: =U12/1000 -> 4.3040575 | X12: =100-E12 -> 24.504997 | Y12: =ROUNDUP(E12,0) -> 76 | Z12: =ROUNDUP(X12,0) -> 25 | AA12: =ROUNDUP(D12/1000,0) -> 1 | AB12: =ROUNDUP(V12/1000,0) -> 1 | AC12: =ROUNDUP(W12/1000,0) -> 1 | AD12: =ROUND(F12,0) -> 100 | AE12: =ROUNDUP(E12/1000,0) -> 1
A13: Palau | B13: Upper middle income | C13: =IF(B13="NAN",0, IF(B13="Low income",1, IF(B13="Lower middle income",2, IF(B13="Upper middle income",3, IF(B13="High income",4,""))))) -> 3 | D13: 18.091999 | E13: 80.987999 | F13: 99.657545 | G13: 0 | H13: 0.3424545 | I13: 0 | J13: 99.756985 | K13: 0 | L13: 0.24301497 | M13: 0 | N13: 99.634202 | O13: 0 | P13: 0.36579801 | Q13: 0 | R13: =COUNTA(A13:Q13) -> 17 | S13: =D13*1000 -> 18091.999 | T13: =S13*E13/100 -> 14652.348 | U13: =S13*X13/100 -> 3439.651 | V13: =T13/1000 -> 14.652348 | W13: =U13/1000 -> 3.439651 | X13: =100-E13 -> 19.012001 | Y13: =ROUNDUP(E13,0) -> 81 | Z13: =ROUNDUP(X13,0) -> 20 | AA13: =ROUNDUP(D13/1000,0) -> 1 | AB13: =ROUNDUP(V13/1000,0) -> 1 | AC13: =ROUNDUP(W13/1000,0) -> 1 | AD13: =ROUND(F13,0) -> 100 | AE13: =ROUNDUP(E13/1000,0) -> 1
A14: British Virgin Islands | B14: High income | C14: =IF(B14="NAN",0, IF(B14="Low income",1, IF(B14="Lower middle income",2, IF(B14="Upper middle income",3, IF(B14="High income",4,""))))) -> 4 | D14: 30.237 | E14: 48.514999 | F14: 99.864384 | G14: 0 | H14: 0.13561644 | I14: 0 | J14: NAN | K14: NAN | L14: NAN | M14: NAN | N14: NAN | O14: NAN | P14: NAN | Q14: NAN | R14: =COUNTA(A14:Q14) -> 17 | S14: =D14*1000 -> 30237 | T14: =S14*E14/100 -> 14669.48 | U14: =S14*X14/100 -> 15567.519 | V14: =T14/1000 -> 14.66948 | W14: =U14/1000 -> 15.567519 | X14: =100-E14 -> 51.485001 | Y14: =ROUNDUP(E14,0) -> 49 | Z14: =ROUNDUP(X14,0) -> 52 | AA14: =ROUNDUP(D14/1000,0) -> 1 | AB14: =ROUNDUP(V14/1000,0) -> 1 | AC14: =ROUNDUP(W14/1000,0) -> 1 | AD14: =ROUND(F14,0) -> 100 | AE14: =ROUNDUP(E14/1000,0) -> 1
A15: Gibraltar | B15: High income | C15: =IF(B15="NAN",0, IF(B15="Low income",1, IF(B15="Lower middle income",2, IF(B15="Upper middle income",3, IF(B15="High income",4,""))))) -> 4 | D15: 33.691002 | E15: 100 | F15: 100 | G15: 0 | H15: 0 | I15: 0 | J15: NAN | K15: NAN | L15: NAN | M15: NAN | N15: 100 | O15: 0 | P15: 0 | Q15: 0 | R15: =COUNTA(A15:Q15) -> 17 | S15: =D15*1000 -> 33691.002 | T15: =S15*E15/100 -> 33691.002 | U15: =S15*X15/100 -> 0 | V15: =T15/1000 -> 33.691002 | W15: =U15/1000 -> 0 | X15: =100-E15 -> 0 | Y15: =ROUNDUP(E15,0) -> 100 | Z15: =ROUNDUP(X15,0) -> 0 | AA15: =ROUNDUP(D15/1000,0) -> 1 | AB15: =ROUNDUP(V15/1000,0) -> 1 | AC15: =ROUNDUP(W15/1000,0) -> 0 | AD15: =ROUND(F15,0) -> 100 | AE15: =ROUNDUP(E15/1000,0) -> 1
A16: San Marino | B16: High income | C16: =IF(B16="NAN",0, IF(B16="Low income",1, IF(B16="Lower middle income",2, IF(B16="Upper middle income",3, IF(B16="High income",4,""))))) -> 4 | D16: 33.938 | E16: 97.499001 | F16: 100 | G16: 0 | H16: 0 | I16: 0 | J16: NAN | K16: NAN | L16: NAN | M16: NAN | N16: NAN | O16: NAN | P16: NAN | Q16: NAN | R16: =COUNTA(A16:Q16) -> 17 | S16: =D16*1000 -> 33938 | T16: =S16*E16/100 -> 33089.211 | U16: =S16*X16/100 -> 848.78919 | V16: =T16/1000 -> 33.089211 | W16: =U16/1000 -> 0.84878919 | X16: =100-E16 -> 2.5009995 | Y16: =ROUNDUP(E16,0) -> 98 | Z16: =ROUNDUP(X16,0) -> 3 | AA16: =ROUNDUP(D16/1000,0) -> 1 | AB16: =ROUNDUP(V16/1000,0) -> 1 | AC16: =ROUNDUP(W16/1000,0) -> 1 | AD16: =ROUND(F16,0) -> 100 | AE16: =ROUNDUP(E16/1000,0) -> 1
A17: Liechtenstein | B17: High income | C17: =IF(B17="NAN",0, IF(B17="Low income",1, IF(B17="Lower middle income",2, IF(B17="Upper middle income",3, IF(B17="High income",4,""))))) -> 4 | D17: 38.137001 | E17: 14.416 | F17: 100 | G17: 0 | H17: 0 | I17: 0 | J17: NAN | K17: NAN | L17: NAN | M17: NAN | N17: NAN | O17: NAN | P17: NAN | Q17: NAN | R17: =COUNTA(A17:Q17) -> 17 | S17: =D17*1000 -> 38137.001 | T17: =S17*E17/100 -> 5497.8302 | U17: =S17*X17/100 -> 32639.171 | V17: =T17/1000 -> 5.4978302 | W17: =U17/1000 -> 32.639171 | X17: =100-E17 -> 85.584 | Y17: =ROUNDUP(E17,0) -> 15 | Z17: =ROUNDUP(X17,0) -> 86 | AA17: =ROUNDUP(D17/1000,0) -> 1 | AB17: =ROUNDUP(V17/1000,0) -> 1 | AC17: =ROUNDUP(W17/1000,0) -> 1 | AD17: =ROUND(F17,0) -> 100 | AE17: =ROUNDUP(E17/1000,0) -> 1
A18: Saint Martin (French part) | B18: High income | C18: =IF(B18="NAN",0, IF(B18="Low income",1, IF(B18="Lower middle income",2, IF(B18="Upper middle income",3, IF(B18="High income",4,""))))) -> 4 | D18: 38.659 | E18: 100 | F18: 99.999271 | G18: 0 | H18: 0.00072861055 | I18: 0 | J18: NAN | K18: NAN | L18: NAN | M18: NAN | N18: 99.999271 | O18: 0 | P18: 0.00072861055 | Q18: 0 | R18: =COUNTA(A18:Q18) -> 17 | S18: =D18*1000 -> 38659 | T18: =S18*E18/100 -> 38659 | U18: =S18*X18/100 -> 0 | V18: =T18/1000 -> 38.659 | W18: =U18/1000 -> 0 | X18: =100-E18 -> 0 | Y18: =ROUNDUP(E18,0) -> 100 | Z18: =ROUNDUP(X18,0) -> 0 | AA18: =ROUNDUP(D18/1000,0) -> 1 | AB18: =ROUNDUP(V18/1000,0) -> 1 | AC18: =ROUNDUP(W18/1000,0) -> 0 | AD18: =ROUND(F18,0) -> 100 | AE18: =ROUNDUP(E18/1000,0) -> 1
A19: Monaco | B19: High income | C19: =IF(B19="NAN",0, IF(B19="Low income",1, IF(B19="Lower middle income",2, IF(B19="Upper middle income",3, IF(B19="High income",4,""))))) -> 4 | D19: 39.243999 | E19: 100 | F19: 100 | G19: 0 | H19: 0 | I19: 0 | J19: NAN | K19: NAN | L19: NAN | M19: NAN | N19: 100 | O19: 0 | P19: 0 | Q19: 0 | R19: =COUNTA(A19:Q19) -> 17 | S19: =D19*1000 -> 39243.999 | T19: =S19*E19/100 -> 39243.999 | U19: =S19*X19/100 -> 0 | V19: =T19/1000 -> 39.243999 | W19: =U19/1000 -> 0 | X19: =100-E19 -> 0 | Y19: =ROUNDUP(E19,0) -> 100 | Z19: =ROUNDUP(X19,0) -> 0 | AA19: =ROUNDUP(D19/1000,0) -> 1 | AB19: =ROUNDUP(V19/1000,0) -> 1 | AC19: =ROUNDUP(W19/1000,0) -> 0 | AD19: =ROUND(F19,0) -> 100 | AE19: =ROUNDUP(E19/1000,0) -> 1
A20: Faeroe Islands | B20: High income | C20: =IF(B20="NAN",0, IF(B20="Low income",1, IF(B20="Lower middle income",2, IF(B20="Upper middle income",3, IF(B20="High income",4,""))))) -> 4 | D20: 48.865002 | E20: 42.397999 | F20: 100 | G20: 0 | H20: 0 | I20: 0 | J20: NAN | K20: NAN | L20: NAN | M20: NAN | N20: NAN | O20: NAN | P20: NAN | Q20: NAN | R20: =COUNTA(A20:Q20) -> 17 | S20: =D20*1000 -> 48865.002 | T20: =S20*E20/100 -> 20717.783 | U20: =S20*X20/100 -> 28147.219 | V20: =T20/1000 -> 20.717783 | W20: =U20/1000 -> 28.147219 | X20: =100-E20 -> 57.602001 | Y20: =ROUNDUP(E20,0) -> 43 | Z20: =ROUNDUP(X20,0) -> 58 | AA20: =ROUNDUP(D20/1000,0) -> 1 | AB20: =ROUNDUP(V20/1000,0) -> 1 | AC20: =ROUNDUP(W20/1000,0) -> 1 | AD20: =ROUND(F20,0) -> 100 | AE20: =ROUNDUP(E20/1000,0) -> 1
A21: American Samoa | B21: Upper middle income | C21: =IF(B21="NAN",0, IF(B21="Low income",1, IF(B21="Lower middle income",2, IF(B21="Upper middle income",3, IF(B21="High income",4,""))))) -> 3 | D21: 55.196999 | E21: 87.153 | F21: 99.773772 | G21: 0 | H21: 0.22622834 | I21: 0 | J21: NAN | K21: NAN | L21: NAN | M21: NAN | N21: NAN | O21: NAN | P21: NAN | Q21: NAN | R21: =COUNTA(A21:Q21) -> 17 | S21: =D21*1000 -> 55196.999 | T21: =S21*E21/100 -> 48105.84 | U21: =S21*X21/100 -> 7091.1585 | V21: =T21/1000 -> 48.10584 | W21: =U21/1000 -> 7.0911585 | X21: =100-E21 -> 12.847 | Y21: =ROUNDUP(E21,0) -> 88 | Z21: =ROUNDUP(X21,0) -> 13 | AA21: =ROUNDUP(D21/1000,0) -> 1 | AB21: =ROUNDUP(V21/1000,0) -> 1 | AC21: =ROUNDUP(W21/1000,0) -> 1 | AD21: =ROUND(F21,0) -> 100 | AE21: =ROUNDUP(E21/1000,0) -> 1
A22: Greenland | B22: High income | C22: =IF(B22="NAN",0, IF(B22="Low income",1, IF(B22="Lower middle income",2, IF(B22="Upper middle income",3, IF(B22="High income",4,""))))) -> 4 | D22: 56.771999 | E22: 87.282005 | F22: 100 | G22: 0 | H22: 0 | I22: 0 | J22: 100 | K22: 0 | L22: 0 | M22: 0 | N22: 100 | O22: 0 | P22: 0 | Q22: 0 | R22: =COUNTA(A22:Q22) -> 17 | S22: =D22*1000 -> 56771.999 | T22: =S22*E22/100 -> 49551.74 | U22: =S22*X22/100 -> 7220.2599 | V22: =T22/1000 -> 49.551739 | W22: =U22/1000 -> 7.2202599 | X22: =100-E22 -> 12.717995 | Y22: =ROUNDUP(E22,0) -> 88 | Z22: =ROUNDUP(X22,0) -> 13 | AA22: =ROUNDUP(D22/1000,0) -> 1 | AB22: =ROUNDUP(V22/1000,0) -> 1 | AC22: =ROUNDUP(W22/1000,0) -> 1 | AD22: =ROUND(F22,0) -> 100 | AE22: =ROUNDUP(E22/1000,0) -> 1
A23: Northern Mariana Islands | B23: High income | C23: =IF(B23="NAN",0, IF(B23="Low income",1, IF(B23="Lower middle income",2, IF(B23="Upper middle income",3, IF(B23="High income",4,""))))) -> 4 | D23: 57.556999 | E23: 91.797997 | F23: 100 | G23: 0 | H23: 0 | I23: 0 | J23: NAN | K23: NAN | L23: NAN | M23: NAN | N23: NAN | O23: NAN | P23: NAN | Q23: NAN | R23: =COUNTA(A23:Q23) -> 17 | S23: =D23*1000 -> 57556.999 | T23: =S23*E23/100 -> 52836.172 | U23: =S23*X23/100 -> 4720.8271 | V23: =T23/1000 -> 52.836172 | W23: =U23/1000 -> 4.7208271 | X23: =100-E23 -> 8.2020035 | Y23: =ROUNDUP(E23,0) -> 92 | Z23: =ROUNDUP(X23,0) -> 9 | AA23: =ROUNDUP(D23/1000,0) -> 1 | AB23: =ROUNDUP(V23/1000,0) -> 1 | AC23: =ROUNDUP(W23/1000,0) -> 1 | AD23: =ROUND(F23,0) -> 100 | AE23: =ROUNDUP(E23/1000,0) -> 1
A24: Marshall Islands | B24: Upper middle income | C24: =IF(B24="NAN",0, IF(B24="Low income",1, IF(B24="Lower middle income",2, IF(B24="Upper middle income",3, IF(B24="High income",4,""))))) -> 3 | D24: 59.194 | E24: 77.793991 | F24: 88.572047 | G24: 11.387979 | H24: 0.039974026 | I24: 0 | J24: 94.42972 | K24: 5.39028 | L24: 0.18 | M24: 0 | N24: 86.9 | O24: 13.1 | P24: 0 | Q24: 0 | R24: =COUNTA(A24:Q24) -> 17 | S24: =E24*1000 -> 77793.991 | T24: =S24*F24/100 -> 68903.73 | U24: =S24*X24/100 -> 17274.941 | V24: =T24/1000 -> 68.90373 | W24: =U24/1000 -> 17.274941 | X24: =100-E24 -> 22.206009 | Y24: =ROUNDUP(E24,0) -> 78 | Z24: =ROUNDUP(X24,0) -> 23 | AA24: =ROUNDUP(D24/1000,0) -> 1 | AB24: =ROUNDUP(V24/1000,0) -> 1 | AC24: =ROUNDUP(W24/1000,0) -> 1 | AD24: =ROUND(F24,0) -> 89 | AE24: =ROUNDUP(E24/1000,0) -> 1
A25: Bermuda | B25: High income | C25: =IF(B25="NAN",0, IF(B25="Low income",1, IF(B25="Lower middle income",2, IF(B25="Upper middle income",3, IF(B25="High income",4,""))))) -> 4 | D25: 62.272999 | E25: 100 | F25: 99.90314 | G25: 0 | H25: 0.096859983 | I25: 0 | J25: NAN | K25: NAN | L25: NAN | M25: NAN | N25: 99.90314 | O25: 0 | P25: 0.096859983 | Q25: 0 | R25: =COUNTA(A25:Q25) -> 17 | S25: =D25*1000 -> 62272.999 | T25: =S25*E25/100 -> 62272.999 | U25: =S25*X25/100 -> 0 | V25: =T25/1000 -> 62.272999 | W25: =U25/1000 -> 0 | X25: =100-E25 -> 0 | Y25: =ROUNDUP(E25,0) -> 100 | Z25: =ROUNDUP(X25,0) -> 0 | AA25: =ROUNDUP(D25/1000,0) -> 1 | AB25: =ROUNDUP(V25/1000,0) -> 1 | AC25: =ROUNDUP(W25/1000,0) -> 0 | AD25: =ROUND(F25,0) -> 100 | AE25: =ROUNDUP(E25/1000,0) -> 1
A26: Andorra | B26: High income | C26: =IF(B26="NAN",0, IF(B26="Low income",1, IF(B26="Lower middle income",2, IF(B26="Upper middle income",3, IF(B26="High income",4,""))))) -> 4 | D26: 77.264999 | E26: 87.916 | F26: 100 | G26: 0 | H26: 0 | I26: 0 | J26: 100 | K26: 0 | L26: 0 | M26: 0 | N26: 100 | O26: 0 | P26: 0 | Q26: 0 | R26: =COUNTA(A26:Q26) -> 17 | S26: =D26*1000 -> 77264.999 | T26: =S26*E26/100 -> 67928.297 | U26: =S26*X26/100 -> 9336.7022 | V26: =T26/1000 -> 67.928297 | W26: =U26/1000 -> 9.3367022 | X26: =100-E26 -> 12.084 | Y26: =ROUNDUP(E26,0) -> 88 | Z26: =ROUNDUP(X26,0) -> 13 | AA26: =ROUNDUP(D26/1000,0) -> 1 | AB26: =ROUNDUP(V26/1000,0) -> 1 | AC26: =ROUNDUP(W26/1000,0) -> 1 | AD26: =ROUND(F26,0) -> 100 | AE26: =ROUNDUP(E26/1000,0) -> 1
A27: Isle of Man | B27: High income | C27: =IF(B27="NAN",0, IF(B27="Low income",1, IF(B27="Lower middle income",2, IF(B27="Upper middle income",3, IF(B27="High income",4,""))))) -> 4 | D27: 85.031998 | E27: 52.898003 | F27: 99.075 | G27: 0 | H27: 0.925 | I27: 0 | J27: NAN | K27: NAN | L27: NAN | M27: NAN | N27: NAN | O27: NAN | P27: NAN | Q27: NAN | R27: =COUNTA(A27:Q27) -> 17 | S27: =D27*1000 -> 85031.998 | T27: =S27*E27/100 -> 44980.228 | U27: =S27*X27/100 -> 40051.769 | V27: =T27/1000 -> 44.980228 | W27: =U27/1000 -> 40.051769 | X27: =100-E27 -> 47.101997 | Y27: =ROUNDUP(E27,0) -> 53 | Z27: =ROUNDUP(X27,0) -> 48 | AA27: =ROUNDUP(D27/1000,0) -> 1 | AB27: =ROUNDUP(V27/1000,0) -> 1 | AC27: =ROUNDUP(W27/1000,0) -> 1 | AD27: =ROUND(F27,0) -> 99 | AE27: =ROUNDUP(E27/1000,0) -> 1
A28: United States Virgin Islands | B28: High income | C28: =IF(B28="NAN",0, IF(B28="Low income",1, IF(B28="Lower middle income",2, IF(B28="Upper middle income",3, IF(B28="High income",4,""))))) -> 4 | D28: 104.423 | E28: 95.939003 | F28: 98.718267 | G28: 0 | H28: 1.2817326 | I28: 0 | J28: NAN | K28: NAN | L28: NAN | M28: NAN | N28: NAN | O28: NAN | P28: NAN | Q28: NAN | R28: =COUNTA(A28:Q28) -> 17 | S28: =D28*1000 -> 104423 | T28: =S28*E28/100 -> 100182.38 | U28: =S28*X28/100 -> 4240.6148 | V28: =T28/1000 -> 100.18238 | W28: =U28/1000 -> 4.2406148 | X28: =100-E28 -> 4.060997 | Y28: =ROUNDUP(E28,0) -> 96 | Z28: =ROUNDUP(X28,0) -> 5 | AA28: =ROUNDUP(D28/1000,0) -> 1 | AB28: =ROUNDUP(V28/1000,0) -> 1 | AC28: =ROUNDUP(W28/1000,0) -> 1 | AD28: =ROUND(F28,0) -> 99 | AE28: =ROUNDUP(E28/1000,0) -> 1
A29: Tonga | B29: Upper middle income | C29: =IF(B29="NAN",0, IF(B29="Low income",1, IF(B29="Lower middle income",2, IF(B29="Upper middle income",3, IF(B29="High income",4,""))))) -> 3 | D29: 105.697 | E29: 23.098999 | F29: 98.731081 | G29: 0.8814973 | H29: 0.38742188 | I29: 0 | J29: 98.468079 | K29: 1.1031597 | L29: 0.42876176 | M29: 0 | N29: 99.606658 | O29: 0.14354054 | P29: 0.24980128 | Q29: 0 | R29: =COUNTA(A29:Q29) -> 17 | S29: =D29*1000 -> 105697 | T29: =S29*E29/100 -> 24414.949 | U29: =S29*X29/100 -> 81282.05 | V29: =T29/1000 -> 24.414949 | W29: =U29/1000 -> 81.28205 | X29: =100-E29 -> 76.901001 | Y29: =ROUNDUP(E29,0) -> 24 | Z29: =ROUNDUP(X29,0) -> 77 | AA29: =ROUNDUP(D29/1000,0) -> 1 | AB29: =ROUNDUP(V29/1000,0) -> 1 | AC29: =ROUNDUP(W29/1000,0) -> 1 | AD29: =ROUND(F29,0) -> 99 | AE29: =ROUNDUP(E29/1000,0) -> 1
A30: Kiribati | B30: Lower middle income | C30: =IF(B30="NAN",0, IF(B30="Low income",1, IF(B30="Lower middle income",2, IF(B30="Upper middle income",3, IF(B30="High income",4,""))))) -> 2 | D30: 119.446 | E30: 55.593998 | F30: 77.970921 | G30: 4.0768996 | H30: 17.95218 | I30: 0 | J30: 60.994185 | K30: 2.0966098 | L30: 36.909205 | M30: 0 | N30: 91.531175 | O30: 5.6586665 | P30: 2.8101587 | Q30: 0 | R30: =COUNTA(A30:Q30) -> 17 | S30: =D30*1000 -> 119446 | T30: =S30*E30/100 -> 66404.806 | U30: =S30*X30/100 -> 53041.193 | V30: =T30/1000 -> 66.404806 | W30: =U30/1000 -> 53.041193 | X30: =100-E30 -> 44.406002 | Y30: =ROUNDUP(E30,0) -> 56 | Z30: =ROUNDUP(X30,0) -> 45 | AA30: =ROUNDUP(D30/1000,0) -> 1 | AB30: =ROUNDUP(V30/1000,0) -> 1 | AC30: =ROUNDUP(W30/1000,0) -> 1 | AD30: =ROUND(F30,0) -> 78 | AE30: =ROUNDUP(E30/1000,0) -> 1
A31: Guam | B31: High income | C31: =IF(B31="NAN",0, IF(B31="Low income",1, IF(B31="Lower middle income",2, IF(B31="Upper middle income",3, IF(B31="High income",4,""))))) -> 4 | D31: 168.783 | E31: 94.938004 | F31: 99.6952 | G31: 0 | H31: 0.3048 | I31: 0 | J31: NAN | K31: NAN | L31: NAN | M31: NAN | N31: NAN | O31: NAN | P31: NAN | Q31: NAN | R31: =COUNTA(A31:Q31) -> 17 | S31: =D31*1000 -> 168783 | T31: =S31*E31/100 -> 160239.22 | U31: =S31*X31/100 -> 8543.7897 | V31: =T31/1000 -> 160.23922 | W31: =U31/1000 -> 8.5437897 | X31: =100-E31 -> 5.0619965 | Y31: =ROUNDUP(E31,0) -> 95 | Z31: =ROUNDUP(X31,0) -> 6 | AA31: =ROUNDUP(D31/1000,0) -> 1 | AB31: =ROUNDUP(V31/1000,0) -> 1 | AC31: =ROUNDUP(W31/1000,0) -> 1 | AD31: =ROUND(F31,0) -> 100 | AE31: =ROUNDUP(E31/1000,0) -> 1
A32: Saint Lucia | B32: Upper middle income | C32: =IF(B32="NAN",0, IF(B32="Low income",1, IF(B32="Lower middle income",2, IF(B32="Upper middle income",3, IF(B32="High income",4,""))))) -> 3 | D32: 183.629 | E32: 18.841 | F32: 96.887845 | G32: 1.8156522 | H32: 1.2965033 | I32: 0 | J32: 96.814024 | K32: 1.7341523 | L32: 1.4518239 | M32: 0 | N32: 97.205822 | O32: 2.1667189 | P32: 0.62745892 | Q32: 0 | R32: =COUNTA(A32:Q32) -> 17 | S32: =D32*1000 -> 183629 | T32: =S32*E32/100 -> 34597.539 | U32: =S32*X32/100 -> 149031.46 | V32: =T32/1000 -> 34.597539 | W32: =U32/1000 -> 149.03146 | X32: =100-E32 -> 81.159 | Y32: =ROUNDUP(E32,0) -> 19 | Z32: =ROUNDUP(X32,0) -> 82 | AA32: =ROUNDUP(D32/1000,0) -> 1 | AB32: =ROUNDUP(V32/1000,0) -> 1 | AC32: =ROUNDUP(W32/1000,0) -> 1 | AD32: =ROUND(F32,0) -> 97 | AE32: =ROUNDUP(E32/1000,0) -> 1
A33: Samoa | B33: Lower middle income | C33: =IF(B33="NAN",0, IF(B33="Low income",1, IF(B33="Lower middle income",2, IF(B33="Upper middle income",3, IF(B33="High income",4,""))))) -> 2 | D33: 198.41 | E33: 17.889 | F33: 91.837725 | G33: 6.5209 | H33: 1.4186234 | I33: 0.22275207 | J33: 91.780323 | K33: 6.2207033 | L33: 1.7276922 | M33: 0.27128163 | N33: 92.10119 | O33: 7.89881 | P33: 0 | Q33: 0 | R33: =COUNTA(A33:Q33) -> 17 | S33: =D33*1000 -> 198410 | T33: =S33*E33/100 -> 35493.565 | U33: =S33*X33/100 -> 162916.44 | V33: =T33/1000 -> 35.493565 | W33: =U33/1000 -> 162.91644 | X33: =100-E33 -> 82.111 | Y33: =ROUNDUP(E33,0) -> 18 | Z33: =ROUNDUP(X33,0) -> 83 | AA33: =ROUNDUP(D33/1000,0) -> 1 | AB33: =ROUNDUP(V33/1000,0) -> 1 | AC33: =ROUNDUP(W33/1000,0) -> 1 | AD33: =ROUND(F33,0) -> 92 | AE33: =ROUNDUP(E33/1000,0) -> 1
A34: Sao Tome and Principe | B34: Lower middle income | C34: =IF(B34="NAN",0, IF(B34="Low income",1, IF(B34="Lower middle income",2, IF(B34="Upper middle income",3, IF(B34="High income",4,""))))) -> 2 | D34: 219.161 | E34: 74.354004 | F34: 78.226455 | G34: 20.237983 | H34: 0.44351993 | I34: 1.0920419 | J34: 74.300614 | K34: 19.711843 | L34: 1.7294057 | M34: 4.2581372 | N34: 79.580543 | O34: 20.419457 | P34: 0 | Q34: 0 | R34: =COUNTA(A34:Q34) -> 17 | S34: =D34*1000 -> 219161 | T34: =S34*E34/100 -> 162954.98 | U34: =S34*X34/100 -> 56206.02 | V34: =T34/1000 -> 162.95498 | W34: =U34/1000 -> 56.20602 | X34: =100-E34 -> 25.645996 | Y34: =ROUNDUP(E34,0) -> 75 | Z34: =ROUNDUP(X34,0) -> 26 | AA34: =ROUNDUP(D34/1000,0) -> 1 | AB34: =ROUNDUP(V34/1000,0) -> 1 | AC34: =ROUNDUP(W34/1000,0) -> 1 | AD34: =ROUND(F34,0) -> 78 | AE34: =ROUNDUP(E34/1000,0) -> 1
A35: Mayotte | B35: NAN | C35: =IF(B35="NAN",0, IF(B35="Low income",1, IF(B35="Lower middle income",2, IF(B35="Upper middle income",3, IF(B35="High income",4,""))))) -> 0 | D35: 272.81299 | E35: 45.750999 | F35: 96.37118 | G35: 0 | H35: 3.6288203 | I35: NAN | J35: NAN | K35: NAN | L35: NAN | M35: NAN | N35: NAN | O35: NAN | P35: NAN | Q35: NAN | R35: =COUNTA(A35:Q35) -> 17 | S35: =D35*1000 -> 272812.99 | T35: =S35*E35/100 -> 124814.67 | U35: =S35*X35/100 -> 147998.32 | V35: =T35/1000 -> 124.81467 | W35: =U35/1000 -> 147.99832 | X35: =100-E35 -> 54.249001 | Y35: =ROUNDUP(E35,0) -> 46 | Z35: =ROUNDUP(X35,0) -> 55 | AA35: =ROUNDUP(D35/1000,0) -> 1 | AB35: =ROUNDUP(V35/1000,0) -> 1 | AC35: =ROUNDUP(W35/1000,0) -> 1 | AD35: =ROUND(F35,0) -> 96 | AE35: =ROUNDUP(E35/1000,0) -> 1
A36: French Polynesia | B36: High income | C36: =IF(B36="NAN",0, IF(B36="Low income",1, IF(B36="Lower middle income",2, IF(B36="Upper middle income",3, IF(B36="High income",4,""))))) -> 4 | D36: 280.90399 | E36: 61.975002 | F36: 100 | G36: 0 | H36: 0 | I36: 0 | J36: NAN | K36: NAN | L36: NAN | M36: NAN | N36: NAN | O36: NAN | P36: NAN | Q36: NAN | R36: =COUNTA(A36:Q36) -> 17 | S36: =D36*1000 -> 280903.99 | T36: =S36*E36/100 -> 174090.26 | U36: =S36*X36/100 -> 106813.74 | V36: =T36/1000 -> 174.09026 | W36: =U36/1000 -> 106.81374 | X36: =100-E36 -> 38.024998 | Y36: =ROUNDUP(E36,0) -> 62 | Z36: =ROUNDUP(X36,0) -> 39 | AA36: =ROUNDUP(D36/1000,0) -> 1 | AB36: =ROUNDUP(V36/1000,0) -> 1 | AC36: =ROUNDUP(W36/1000,0) -> 1 | AD36: =ROUND(F36,0) -> 100 | AE36: =ROUNDUP(E36/1000,0) -> 1
A37: New Caledonia | B37: High income | C37: =IF(B37="NAN",0, IF(B37="Low income",1, IF(B37="Lower middle income",2, IF(B37="Upper middle income",3, IF(B37="High income",4,""))))) -> 4 | D37: 285.491 | E37: 71.517998 | F37: 99.305321 | G37: 0 | H37: 0.69467943 | I37: 0 | J37: NAN | K37: NAN | L37: NAN | M37: NAN | N37: NAN | O37: NAN | P37: NAN | Q37: NAN | R37: =COUNTA(A37:Q37) -> 17 | S37: =D37*1000 -> 285491 | T37: =S37*E37/100 -> 204177.45 | U37: =S37*X37/100 -> 81313.552 | V37: =T37/1000 -> 204.17745 | W37: =U37/1000 -> 81.313552 | X37: =100-E37 -> 28.482002 | Y37: =ROUNDUP(E37,0) -> 72 | Z37: =ROUNDUP(X37,0) -> 29 | AA37: =ROUNDUP(D37/1000,0) -> 1 | AB37: =ROUNDUP(V37/1000,0) -> 1 | AC37: =ROUNDUP(W37/1000,0) -> 1 | AD37: =ROUND(F37,0) -> 99 | AE37: =ROUNDUP(E37/1000,0) -> 1
A38: Barbados | B38: High income | C38: =IF(B38="NAN",0, IF(B38="Low income",1, IF(B38="Lower middle income",2, IF(B38="Upper middle income",3, IF(B38="High income",4,""))))) -> 4 | D38: 287.371 | E38: 31.191 | F38: 98.51445 | G38: 0.26760058 | H38: 1.217949 | I38: 0 | J38: NAN | K38: NAN | L38: NAN | M38: NAN | N38: NAN | O38: NAN | P38: NAN | Q38: NAN | R38: =COUNTA(A38:Q38) -> 17 | S38: =D38*1000 -> 287371 | T38: =S38*E38/100 -> 89633.889 | U38: =S38*X38/100 -> 197737.11 | V38: =T38/1000 -> 89.633889 | W38: =U38/1000 -> 197.73711 | X38: =100-E38 -> 68.809 | Y38: =ROUNDUP(E38,0) -> 32 | Z38: =ROUNDUP(X38,0) -> 69 | AA38: =ROUNDUP(D38/1000,0) -> 1 | AB38: =ROUNDUP(V38/1000,0) -> 1 | AC38: =ROUNDUP(W38/1000,0) -> 1 | AD38: =ROUND(F38,0) -> 99 | AE38: =ROUNDUP(E38/1000,0) -> 1
A39: French Guiana | B39: NAN | C39: =IF(B39="NAN",0, IF(B39="Low income",1, IF(B39="Lower middle income",2, IF(B39="Upper middle income",3, IF(B39="High income",4,""))))) -> 0 | D39: 298.68201 | E39: 85.82 | F39: 93.782216 | G39: 0 | H39: 6.2177837 | I39: 0 | J39: NAN | K39: NAN | L39: NAN | M39: NAN | N39: NAN | O39: NAN | P39: NAN | Q39: NAN | R39: =COUNTA(A39:Q39) -> 17 | S39: =D39*1000 -> 298682.01 | T39: =S39*E39/100 -> 256328.9 | U39: =S39*X39/100 -> 42353.109 | V39: =T39/1000 -> 256.3289 | W39: =U39/1000 -> 42.353109 | X39: =100-E39 -> 14.18 | Y39: =ROUNDUP(E39,0) -> 86 | Z39: =ROUNDUP(X39,0) -> 15 | AA39: =ROUNDUP(D39/1000,0) -> 1 | AB39: =ROUNDUP(V39/1000,0) -> 1 | AC39: =ROUNDUP(W39/1000,0) -> 1 | AD39: =ROUND(F39,0) -> 94 | AE39: =ROUNDUP(E39/1000,0) -> 1
A40: Vanuatu | B40: Lower middle income | C40: =IF(B40="NAN",0, IF(B40="Low income",1, IF(B40="Lower middle income",2, IF(B40="Upper middle income",3, IF(B40="High income",4,""))))) -> 2 | D40: 307.14999 | E40: 25.525002 | F40: 91.231191 | G40: 1.0623851 | H40: 0 | I40: 7.7064242 | J40: 88.397201 | K40: 1.2551327 | L40: 0 | M40: 10.347666 | N40: 99.5 | O40: 0.5 | P40: 0 | Q40: 0 | R40: =COUNTA(A40:Q40) -> 17 | S40: =D40*1000 -> 307149.99 | T40: =S40*E40/100 -> 78400.041 | U40: =S40*X40/100 -> 228749.95 | V40: =T40/1000 -> 78.400041 | W40: =U40/1000 -> 228.74995 | X40: =100-E40 -> 74.474998 | Y40: =ROUNDUP(E40,0) -> 26 | Z40: =ROUNDUP(X40,0) -> 75 | AA40: =ROUNDUP(D40/1000,0) -> 1 | AB40: =ROUNDUP(V40/1000,0) -> 1 | AC40: =ROUNDUP(W40/1000,0) -> 1 | AD40: =ROUND(F40,0) -> 91 | AE40: =ROUNDUP(E40/1000,0) -> 1
A41: Iceland | B41: High income | C41: =IF(B41="NAN",0, IF(B41="Low income",1, IF(B41="Lower middle income",2, IF(B41="Upper middle income",3, IF(B41="High income",4,""))))) -> 4 | D41: 341.25 | E41: 93.897995 | F41: 99.999997 | G41: 0 | H41: 2.79465e-06 | I41: 0 | J41: 100 | K41: 0 | L41: 0 | M41: 0 | N41: 100 | O41: 0 | P41: 0 | Q41: 0 | R41: =COUNTA(A41:Q41) -> 17 | S41: =D41*1000 -> 341250 | T41: =S41*E41/100 -> 320426.91 | U41: =S41*X41/100 -> 20823.092 | V41: =T41/1000 -> 320.42691 | W41: =U41/1000 -> 20.823092 | X41: =100-E41 -> 6.102005 | Y41: =ROUNDUP(E41,0) -> 94 | Z41: =ROUNDUP(X41,0) -> 7 | AA41: =ROUNDUP(D41/1000,0) -> 1 | AB41: =ROUNDUP(V41/1000,0) -> 1 | AC41: =ROUNDUP(W41/1000,0) -> 1 | AD41: =ROUND(F41,0) -> 100 | AE41: =ROUNDUP(E41/1000,0) -> 1
A42: Martinique | B42: NAN | C42: =IF(B42="NAN",0, IF(B42="Low income",1, IF(B42="Lower middle income",2, IF(B42="Upper middle income",3, IF(B42="High income",4,""))))) -> 0 | D42: 375.26501 | E42: 89.139999 | F42: 99.841971 | G42: 0 | H42: 0.15802922 | I42: 0 | J42: NAN | K42: NAN | L42: NAN | M42: NAN | N42: NAN | O42: NAN | P42: NAN | Q42: NAN | R42: =COUNTA(A42:Q42) -> 17 | S42: =D42*1000 -> 375265.01 | T42: =S42*E42/100 -> 334511.23 | U42: =S42*X42/100 -> 40753.783 | V42: =T42/1000 -> 334.51123 | W42: =U42/1000 -> 40.753783 | X42: =100-E42 -> 10.860001 | Y42: =ROUNDUP(E42,0) -> 90 | Z42: =ROUNDUP(X42,0) -> 11 | AA42: =ROUNDUP(D42/1000,0) -> 1 | AB42: =ROUNDUP(V42/1000,0) -> 1 | AC42: =ROUNDUP(W42/1000,0) -> 1 | AD42: =ROUND(F42,0) -> 100 | AE42: =ROUNDUP(E42/1000,0) -> 1
A43: Belize | B43: Upper middle income | C43: =IF(B43="NAN",0, IF(B43="Low income",1, IF(B43="Lower middle income",2, IF(B43="Upper middle income",3, IF(B43="High income",4,""))))) -> 3 | D43: 397.621 | E43: 46.025002 | F43: 98.401955 | G43: 1.2491106 | H43: 0.34893474 | I43: 0 | J43: 97.995208 | K43: 1.3583177 | L43: 0.64647474 | M43: 0 | N43: 98.87896 | O43: 1.12104 | P43: 0 | Q43: 0 | R43: =COUNTA(A43:Q43) -> 17 | S43: =D43*1000 -> 397621 | T43: =S43*E43/100 -> 183005.07 | U43: =S43*X43/100 -> 214615.93 | V43: =T43/1000 -> 183.00507 | W43: =U43/1000 -> 214.61593 | X43: =100-E43 -> 53.974998 | Y43: =ROUNDUP(E43,0) -> 47 | Z43: =ROUNDUP(X43,0) -> 54 | AA43: =ROUNDUP(D43/1000,0) -> 1 | AB43: =ROUNDUP(V43/1000,0) -> 1 | AC43: =ROUNDUP(W43/1000,0) -> 1 | AD43: =ROUND(F43,0) -> 98 | AE43: =ROUNDUP(E43/1000,0) -> 1
A44: Guadeloupe | B44: NAN | C44: =IF(B44="NAN",0, IF(B44="Low income",1, IF(B44="Lower middle income",2, IF(B44="Upper middle income",3, IF(B44="High income",4,""))))) -> 0 | D44: 400.12701 | E44: 98.498993 | F44: 99.803126 | G44: 0 | H44: 0.19687396 | I44: 0 | J44: NAN | K44: NAN | L44: NAN | M44: NAN | N44: NAN | O44: NAN | P44: NAN | Q44: NAN | R44: =COUNTA(A44:Q44) -> 17 | S44: =D44*1000 -> 400127.01 | T44: =S44*E44/100 -> 394121.08 | U44: =S44*X44/100 -> 6005.9348 | V44: =T44/1000 -> 394.12108 | W44: =U44/1000 -> 6.0059348 | X44: =100-E44 -> 1.5010071 | Y44: =ROUNDUP(E44,0) -> 99 | Z44: =ROUNDUP(X44,0) -> 2 | AA44: =ROUNDUP(D44/1000,0) -> 1 | AB44: =ROUNDUP(V44/1000,0) -> 1 | AC44: =ROUNDUP(W44/1000,0) -> 1 | AD44: =ROUND(F44,0) -> 100 | AE44: =ROUNDUP(E44/1000,0) -> 1
A45: Brunei Darussalam | B45: High income | C45: =IF(B45="NAN",0, IF(B45="Low income",1, IF(B45="Lower middle income",2, IF(B45="Upper middle income",3, IF(B45="High income",4,""))))) -> 4 | D45: 437.483 | E45: 78.250008 | F45: 99.900037 | G45: 0 | H45: 0.0999632 | I45: 0 | J45: NAN | K45: NAN | L45: NAN | M45: NAN | N45: 99.65 | O45: 0 | P45: 0.35 | Q45: 0 | R45: =COUNTA(A45:Q45) -> 17 | S45: =D45*1000 -> 437483 | T45: =S45*E45/100 -> 342330.48 | U45: =S45*X45/100 -> 95152.519 | V45: =T45/1000 -> 342.33048 | W45: =U45/1000 -> 95.152519 | X45: =100-E45 -> 21.749992 | Y45: =ROUNDUP(E45,0) -> 79 | Z45: =ROUNDUP(X45,0) -> 22 | AA45: =ROUNDUP(D45/1000,0) -> 1 | AB45: =ROUNDUP(V45/1000,0) -> 1 | AC45: =ROUNDUP(W45/1000,0) -> 1 | AD45: =ROUND(F45,0) -> 100 | AE45: =ROUNDUP(E45/1000,0) -> 1
A46: Malta | B46: High income | C46: =IF(B46="NAN",0, IF(B46="Low income",1, IF(B46="Lower middle income",2, IF(B46="Upper middle income",3, IF(B46="High income",4,""))))) -> 4 | D46: 441.539 | E46: 94.744003 | F46: 100 | G46: 0 | H46: 0 | I46: 0 | J46: 100 | K46: 0 | L46: 0 | M46: 0 | N46: 100 | O46: 0 | P46: 0 | Q46: 0 | R46: =COUNTA(A46:Q46) -> 17 | S46: =D46*1000 -> 441539 | T46: =S46*E46/100 -> 418331.73 | U46: =S46*X46/100 -> 23207.275 | V46: =T46/1000 -> 418.33173 | W46: =U46/1000 -> 23.207275 | X46: =100-E46 -> 5.2559967 | Y46: =ROUNDUP(E46,0) -> 95 | Z46: =ROUNDUP(X46,0) -> 6 | AA46: =ROUNDUP(D46/1000,0) -> 1 | AB46: =ROUNDUP(V46/1000,0) -> 1 | AC46: =ROUNDUP(W46/1000,0) -> 1 | AD46: =ROUND(F46,0) -> 100 | AE46: =ROUNDUP(E46/1000,0) -> 1
A47: Maldives | B47: Upper middle income | C47: =IF(B47="NAN",0, IF(B47="Low income",1, IF(B47="Lower middle income",2, IF(B47="Upper middle income",3, IF(B47="High income",4,""))))) -> 3 | D47: 540.54199 | E47: 40.668999 | F47: 99.544439 | G47: 0.048050691 | H47: 0.4075107 | I47: 0 | J47: 99.919012 | K47: 0.0809875 | L47: 0 | M47: 0 | N47: 98.997989 | O47: 0 | P47: 1.0020111 | Q47: 0 | R47: =COUNTA(A47:Q47) -> 17 | S47: =D47*1000 -> 540541.99 | T47: =S47*E47/100 -> 219833.02 | U47: =S47*X47/100 -> 320708.98 | V47: =T47/1000 -> 219.83302 | W47: =U47/1000 -> 320.70898 | X47: =100-E47 -> 59.331001 | Y47: =ROUNDUP(E47,0) -> 41 | Z47: =ROUNDUP(X47,0) -> 60 | AA47: =ROUNDUP(D47/1000,0) -> 1 | AB47: =ROUNDUP(V47/1000,0) -> 1 | AC47: =ROUNDUP(W47/1000,0) -> 1 | AD47: =ROUND(F47,0) -> 100 | AE47: =ROUNDUP(E47/1000,0) -> 1
A48: Cabo Verde | B48: Lower middle income | C48: =IF(B48="NAN",0, IF(B48="Low income",1, IF(B48="Lower middle income",2, IF(B48="Upper middle income",3, IF(B48="High income",4,""))))) -> 2 | D48: 555.98798 | E48: 66.652 | F48: 88.769606 | G48: 7.9041508 | H48: 3.2091477 | I48: 0.11709501 | J48: 80.114525 | K48: 9.911127 | L48: 9.623217 | M48: 0.35113054 | N48: 93.1 | O48: 6.9 | P48: 0 | Q48: 0 | R48: =COUNTA(A48:Q48) -> 17 | S48: =D48*1000 -> 555987.98 | T48: =S48*E48/100 -> 370577.11 | U48: =S48*X48/100 -> 185410.87 | V48: =T48/1000 -> 370.57711 | W48: =U48/1000 -> 185.41087 | X48: =100-E48 -> 33.348 | Y48: =ROUNDUP(E48,0) -> 67 | Z48: =ROUNDUP(X48,0) -> 34 | AA48: =ROUNDUP(D48/1000,0) -> 1 | AB48: =ROUNDUP(V48/1000,0) -> 1 | AC48: =ROUNDUP(W48/1000,0) -> 1 | AD48: =ROUND(F48,0) -> 89 | AE48: =ROUNDUP(E48/1000,0) -> 1
A49: Suriname | B49: Upper middle income | C49: =IF(B49="NAN",0, IF(B49="Low income",1, IF(B49="Lower middle income",2, IF(B49="Upper middle income",3, IF(B49="High income",4,""))))) -> 3 | D49: 586.63397 | E49: 66.149002 | F49: 97.989632 | G49: 1.0672469 | H49: 0.37933651 | I49: 0.56378488 | J49: 96.574413 | K49: 1.6002959 | L49: 0.15980179 | M49: 1.6654897 | N49: 98.713854 | O49: 0.79446524 | P49: 0.49168089 | Q49: 0 | R49: =COUNTA(A49:Q49) -> 17 | S49: =D49*1000 -> 586633.97 | T49: =S49*E49/100 -> 388052.52 | U49: =S49*X49/100 -> 198581.45 | V49: =T49/1000 -> 388.05252 | W49: =U49/1000 -> 198.58145 | X49: =100-E49 -> 33.850998 | Y49: =ROUNDUP(E49,0) -> 67 | Z49: =ROUNDUP(X49,0) -> 34 | AA49: =ROUNDUP(D49/1000,0) -> 1 | AB49: =ROUNDUP(V49/1000,0) -> 1 | AC49: =ROUNDUP(W49/1000,0) -> 1 | AD49: =ROUND(F49,0) -> 98 | AE49: =ROUNDUP(E49/1000,0) -> 1
A50: Luxembourg | B50: High income | C50: =IF(B50="NAN",0, IF(B50="Low income",1, IF(B50="Lower middle income",2, IF(B50="Upper middle income",3, IF(B50="High income",4,""))))) -> 4 | D50: 625.97601 | E50: 91.452995 | F50: 99.879933 | G50: 0 | H50: 0.12006746 | I50: 0 | J50: 98.595238 | K50: 0 | L50: 1.4047619 | M50: 0 | N50: 100 | O50: 0 | P50: 0 | Q50: 0 | R50: =COUNTA(A50:Q50) -> 17 | S50: =D50*1000 -> 625976.01 | T50: =S50*E50/100 -> 572473.81 | U50: =S50*X50/100 -> 53502.199 | V50: =T50/1000 -> 572.47381 | W50: =U50/1000 -> 53.502199 | X50: =100-E50 -> 8.5470047 | Y50: =ROUNDUP(E50,0) -> 92 | Z50: =ROUNDUP(X50,0) -> 9 | AA50: =ROUNDUP(D50/1000,0) -> 1 | AB50: =ROUNDUP(V50/1000,0) -> 1 | AC50: =ROUNDUP(W50/1000,0) -> 1 | AD50: =ROUND(F50,0) -> 100 | AE50: =ROUNDUP(E50/1000,0) -> 1
A51: Montenegro | B51: Upper middle income | C51: =IF(B51="NAN",0, IF(B51="Low income",1, IF(B51="Lower middle income",2, IF(B51="Upper middle income",3, IF(B51="High income",4,""))))) -> 3 | D51: 628.06201 | E51: 67.488007 | F51: 98.856917 | G51: 0.54547882 | H51: 0.59231201 | I51: 0.0052926509 | J51: 98.161888 | K51: 0 | L51: 1.8218334 | M51: 0.01627907 | N51: 99.19174 | O51: 0.80826041 | P51: 0 | Q51: 0 | R51: =COUNTA(A51:Q51) -> 17 | S51: =D51*1000 -> 628062.01 | T51: =S51*E51/100 -> 423866.53 | U51: =S51*X51/100 -> 204195.48 | V51: =T51/1000 -> 423.86653 | W51: =U51/1000 -> 204.19548 | X51: =100-E51 -> 32.511993 | Y51: =ROUNDUP(E51,0) -> 68 | Z51: =ROUNDUP(X51,0) -> 33 | AA51: =ROUNDUP(D51/1000,0) -> 1 | AB51: =ROUNDUP(V51/1000,0) -> 1 | AC51: =ROUNDUP(W51/1000,0) -> 1 | AD51: =ROUND(F51,0) -> 99 | AE51: =ROUNDUP(E51/1000,0) -> 1
A52: China, Macao SAR | B52: High income | C52: =IF(B52="NAN",0, IF(B52="Low income",1, IF(B52="Lower middle income",2, IF(B52="Upper middle income",3, IF(B52="High income",4,""))))) -> 4 | D52: 649.34198 | E52: 100 | F52: 100 | G52: 0 | H52: 0 | I52: 0 | J52: NAN | K52: NAN | L52: NAN | M52: NAN | N52: 100 | O52: 0 | P52: 0 | Q52: 0 | R52: =COUNTA(A52:Q52) -> 17 | S52: =D52*1000 -> 649341.98 | T52: =S52*E52/100 -> 649341.98 | U52: =S52*X52/100 -> 0 | V52: =T52/1000 -> 649.34198 | W52: =U52/1000 -> 0 | X52: =100-E52 -> 0 | Y52: =ROUNDUP(E52,0) -> 100 | Z52: =ROUNDUP(X52,0) -> 0 | AA52: =ROUNDUP(D52/1000,0) -> 1 | AB52: =ROUNDUP(V52/1000,0) -> 1 | AC52: =ROUNDUP(W52/1000,0) -> 0 | AD52: =ROUND(F52,0) -> 100 | AE52: =ROUNDUP(E52/1000,0) -> 1
A53: Solomon Islands | B53: Lower middle income | C53: =IF(B53="NAN",0, IF(B53="Low income",1, IF(B53="Lower middle income",2, IF(B53="Upper middle income",3, IF(B53="High income",4,""))))) -> 2 | D53: 686.87799 | E53: 24.67 | F53: 67.301026 | G53: 5.7954783 | H53: 21.267843 | I53: 5.635653 | J53: 59.405267 | K53: 6.5285236 | L53: 26.955911 | M53: 7.1102979 | N53: 91.410777 | O53: 3.5571204 | P53: 3.8992861 | Q53: 1.1328166 | R53: =COUNTA(A53:Q53) -> 17 | S53: =D53*1000 -> 686877.99 | T53: =S53*E53/100 -> 169452.8 | U53: =S53*X53/100 -> 517425.19 | V53: =T53/1000 -> 169.4528 | W53: =U53/1000 -> 517.42519 | X53: =100-E53 -> 75.33 | Y53: =ROUNDUP(E53,0) -> 25 | Z53: =ROUNDUP(X53,0) -> 76 | AA53: =ROUNDUP(D53/1000,0) -> 1 | AB53: =ROUNDUP(V53/1000,0) -> 1 | AC53: =ROUNDUP(W53/1000,0) -> 1 | AD53: =ROUND(F53,0) -> 67 | AE53: =ROUNDUP(E53/1000,0) -> 1
A54: Bhutan | B54: Lower middle income | C54: =IF(B54="NAN",0, IF(B54="Low income",1, IF(B54="Lower middle income",2, IF(B54="Upper middle income",3, IF(B54="High income",4,""))))) -> 2 | D54: 771.612 | E54: 42.315998 | F54: 97.313223 | G54: 2.4607126 | H54: 0.17642422 | I54: 0.049640541 | J54: 96.731194 | K54: 3.2688064 | L54: 0 | M54: 0 | N54: 98.106628 | O54: 1.3591415 | P54: 0.41692085 | Q54: 0.11730916 | R54: =COUNTA(A54:Q54) -> 17 | S54: =D54*1000 -> 771612 | T54: =S54*E54/100 -> 326515.32 | U54: =S54*X54/100 -> 445096.68 | V54: =T54/1000 -> 326.51532 | W54: =U54/1000 -> 445.09668 | X54: =100-E54 -> 57.684002 | Y54: =ROUNDUP(E54,0) -> 43 | Z54: =ROUNDUP(X54,0) -> 58 | AA54: =ROUNDUP(D54/1000,0) -> 1 | AB54: =ROUNDUP(V54/1000,0) -> 1 | AC54: =ROUNDUP(W54/1000,0) -> 1 | AD54: =ROUND(F54,0) -> 97 | AE54: =ROUNDUP(E54/1000,0) -> 1
A55: Guyana | B55: Upper middle income | C55: =IF(B55="NAN",0, IF(B55="Low income",1, IF(B55="Lower middle income",2, IF(B55="Upper middle income",3, IF(B55="High income",4,""))))) -> 3 | D55: 786.55902 | E55: 26.785999 | F55: 95.554807 | G55: 1.2052444 | H55: 1.1430698 | I55: 2.0968789 | J55: 93.92849 | K55: 1.6461939 | L55: 1.5612748 | M55: 2.8640408 | N55: 100 | O55: 0 | P55: 0 | Q55: 0 | R55: =COUNTA(A55:Q55) -> 17 | S55: =D55*1000 -> 786559.02 | T55: =S55*E55/100 -> 210687.69 | U55: =S55*X55/100 -> 575871.33 | V55: =T55/1000 -> 210.68769 | W55: =U55/1000 -> 575.87133 | X55: =100-E55 -> 73.214001 | Y55: =ROUNDUP(E55,0) -> 27 | Z55: =ROUNDUP(X55,0) -> 74 | AA55: =ROUNDUP(D55/1000,0) -> 1 | AB55: =ROUNDUP(V55/1000,0) -> 1 | AC55: =ROUNDUP(W55/1000,0) -> 1 | AD55: =ROUND(F55,0) -> 96 | AE55: =ROUNDUP(E55/1000,0) -> 1
A56: Réunion | B56: NAN | C56: =IF(B56="NAN",0, IF(B56="Low income",1, IF(B56="Lower middle income",2, IF(B56="Upper middle income",3, IF(B56="High income",4,""))))) -> 0 | D56: 895.30798 | E56: 99.659004 | F56: 100 | G56: 0 | H56: 0 | I56: 0 | J56: NAN | K56: NAN | L56: NAN | M56: NAN | N56: NAN | O56: NAN | P56: NAN | Q56: NAN | R56: =COUNTA(A56:Q56) -> 17 | S56: =D56*1000 -> 895307.98 | T56: =S56*E56/100 -> 892255.02 | U56: =S56*X56/100 -> 3052.9625 | V56: =T56/1000 -> 892.25502 | W56: =U56/1000 -> 3.0529625 | X56: =100-E56 -> 0.34099579 | Y56: =ROUNDUP(E56,0) -> 100 | Z56: =ROUNDUP(X56,0) -> 1 | AA56: =ROUNDUP(D56/1000,0) -> 1 | AB56: =ROUNDUP(V56/1000,0) -> 1 | AC56: =ROUNDUP(W56/1000,0) -> 1 | AD56: =ROUND(F56,0) -> 100 | AE56: =ROUNDUP(E56/1000,0) -> 1
A57: Fiji | B57: Upper middle income | C57: =IF(B57="NAN",0, IF(B57="Low income",1, IF(B57="Lower middle income",2, IF(B57="Upper middle income",3, IF(B57="High income",4,""))))) -> 3 | D57: 896.44397 | E57: 57.247005 | F57: 94.301065 | G57: 0 | H57: 3.3186028 | I57: 2.380332 | J57: 89.088024 | K57: 0 | L57: 5.7598979 | M57: 5.152078 | N57: 98.194244 | O57: 0 | P57: 1.4954093 | Q57: 0.31034659 | R57: =COUNTA(A57:Q57) -> 17 | S57: =D57*1000 -> 896443.97 | T57: =S57*E57/100 -> 513187.33 | U57: =S57*X57/100 -> 383256.64 | V57: =T57/1000 -> 513.18733 | W57: =U57/1000 -> 383.25664 | X57: =100-E57 -> 42.752995 | Y57: =ROUNDUP(E57,0) -> 58 | Z57: =ROUNDUP(X57,0) -> 43 | AA57: =ROUNDUP(D57/1000,0) -> 1 | AB57: =ROUNDUP(V57/1000,0) -> 1 | AC57: =ROUNDUP(W57/1000,0) -> 1 | AD57: =ROUND(F57,0) -> 94 | AE57: =ROUNDUP(E57/1000,0) -> 1
A58: Djibouti | B58: Lower middle income | C58: =IF(B58="NAN",0, IF(B58="Low income",1, IF(B58="Lower middle income",2, IF(B58="Upper middle income",3, IF(B58="High income",4,""))))) -> 2 | D58: 988.00201 | E58: 78.061996 | F58: 76.04992 | G58: 14.757482 | H58: 7.0158761 | I58: 2.176722 | J58: 47.280733 | K58: 12.06161 | L58: 30.735505 | M58: 9.9221522 | N58: 84.135015 | O58: 15.515111 | P58: 0.349874 | Q58: 0 | R58: =COUNTA(A58:Q58) -> 17 | S58: =D58*1000 -> 988002.01 | T58: =S58*E58/100 -> 771254.1 | U58: =S58*X58/100 -> 216747.92 | V58: =T58/1000 -> 771.2541 | W58: =U58/1000 -> 216.74792 | X58: =100-E58 -> 21.938004 | Y58: =ROUNDUP(E58,0) -> 79 | Z58: =ROUNDUP(X58,0) -> 22 | AA58: =ROUNDUP(D58/1000,0) -> 1 | AB58: =ROUNDUP(V58/1000,0) -> 1 | AC58: =ROUNDUP(W58/1000,0) -> 1 | AD58: =ROUND(F58,0) -> 76 | AE58: =ROUNDUP(E58/1000,0) -> 1
A59: Eswatini | B59: Lower middle income | C59: =IF(B59="NAN",0, IF(B59="Low income",1, IF(B59="Lower middle income",2, IF(B59="Upper middle income",3, IF(B59="High income",4,""))))) -> 2 | D59: 1160.1639 | E59: 24.171001 | F59: 70.753071 | G59: 9.5070672 | H59: 9.8355679 | I59: 9.904294 | J59: 62.466449 | K59: 12.299695 | L59: 12.450461 | M59: 12.783395 | N59: 96.749763 | O59: 0.74606447 | P59: 1.6321642 | Q59: 0.87200823 | R59: =COUNTA(A59:Q59) -> 17 | S59: =D59*1000 -> 1160163.9 | T59: =S59*E59/100 -> 280423.24 | U59: =S59*X59/100 -> 879740.7 | V59: =T59/1000 -> 280.42324 | W59: =U59/1000 -> 879.7407 | X59: =100-E59 -> 75.828999 | Y59: =ROUNDUP(E59,0) -> 25 | Z59: =ROUNDUP(X59,0) -> 76 | AA59: =ROUNDUP(D59/1000,0) -> 2 | AB59: =ROUNDUP(V59/1000,0) -> 1 | AC59: =ROUNDUP(W59/1000,0) -> 1 | AD59: =ROUND(F59,0) -> 71 | AE59: =ROUNDUP(E59/1000,0) -> 1
A60: Cyprus | B60: High income | C60: =IF(B60="NAN",0, IF(B60="Low income",1, IF(B60="Lower middle income",2, IF(B60="Upper middle income",3, IF(B60="High income",4,""))))) -> 4 | D60: 1207.361 | E60: 66.820999 | F60: 99.765173 | G60: 0 | H60: 0.23482682 | I60: 0 | J60: 99.845762 | K60: 0 | L60: 0.15423828 | M60: 0 | N60: 99.725158 | O60: 0 | P60: 0.27484188 | Q60: 0 | R60: =COUNTA(A60:Q60) -> 17 | S60: =D60*1000 -> 1207361 | T60: =S60*E60/100 -> 806770.66 | U60: =S60*X60/100 -> 400590.3 | V60: =T60/1000 -> 806.77066 | W60: =U60/1000 -> 400.5903 | X60: =100-E60 -> 33.179001 | Y60: =ROUNDUP(E60,0) -> 67 | Z60: =ROUNDUP(X60,0) -> 34 | AA60: =ROUNDUP(D60/1000,0) -> 2 | AB60: =ROUNDUP(V60/1000,0) -> 1 | AC60: =ROUNDUP(W60/1000,0) -> 1 | AD60: =ROUND(F60,0) -> 100 | AE60: =ROUNDUP(E60/1000,0) -> 1
A61: Mauritius | B61: Upper middle income | C61: =IF(B61="NAN",0, IF(B61="Low income",1, IF(B61="Lower middle income",2, IF(B61="Upper middle income",3, IF(B61="High income",4,""))))) -> 3 | D61: 1271.767 | E61: 40.759998 | F61: 99.866255 | G61: 0 | H61: 0.1337453 | I61: 0 | J61: 99.827682 | K61: 0 | L61: 0.17231766 | M61: 0 | N61: 99.922315 | O61: 0 | P61: 0.077684781 | Q61: 0 | R61: =COUNTA(A61:Q61) -> 17 | S61: =D61*1000 -> 1271767 | T61: =S61*E61/100 -> 518372.19 | U61: =S61*X61/100 -> 753394.77 | V61: =T61/1000 -> 518.37219 | W61: =U61/1000 -> 753.39477 | X61: =100-E61 -> 59.240002 | Y61: =ROUNDUP(E61,0) -> 41 | Z61: =ROUNDUP(X61,0) -> 60 | AA61: =ROUNDUP(D61/1000,0) -> 2 | AB61: =ROUNDUP(V61/1000,0) -> 1 | AC61: =ROUNDUP(W61/1000,0) -> 1 | AD61: =ROUND(F61,0) -> 100 | AE61: =ROUNDUP(E61/1000,0) -> 1
A62: Timor-Leste | B62: Lower middle income | C62: =IF(B62="NAN",0, IF(B62="Low income",1, IF(B62="Lower middle income",2, IF(B62="Upper middle income",3, IF(B62="High income",4,""))))) -> 2 | D62: 1318.442 | E62: 31.32 | F62: 85.495601 | G62: 1.885866 | H62: 8.3600294 | I62: 4.2585034 | J62: 80.487796 | K62: 2.0493647 | L62: 11.26234 | M62: 6.2005 | N62: 96.476958 | O62: 1.5273382 | P62: 1.9957039 | Q62: 0 | R62: =COUNTA(A62:Q62) -> 17 | S62: =D62*1000 -> 1318442 | T62: =S62*E62/100 -> 412936.04 | U62: =S62*X62/100 -> 905505.98 | V62: =T62/1000 -> 412.93604 | W62: =U62/1000 -> 905.50598 | X62: =100-E62 -> 68.68 | Y62: =ROUNDUP(E62,0) -> 32 | Z62: =ROUNDUP(X62,0) -> 69 | AA62: =ROUNDUP(D62/1000,0) -> 2 | AB62: =ROUNDUP(V62/1000,0) -> 1 | AC62: =ROUNDUP(W62/1000,0) -> 1 | AD62: =ROUND(F62,0) -> 85 | AE62: =ROUNDUP(E62/1000,0) -> 1
A63: Estonia | B63: High income | C63: =IF(B63="NAN",0, IF(B63="Low income",1, IF(B63="Lower middle income",2, IF(B63="Upper middle income",3, IF(B63="High income",4,""))))) -> 4 | D63: 1326.5389 | E63: 69.229004 | F63: 99.590782 | G63: 0 | H63: 0.40921822 | I63: 0 | J63: NAN | K63: NAN | L63: NAN | M63: NAN | N63: 99.985454 | O63: 0 | P63: 0.014545793 | Q63: 0 | R63: =COUNTA(A63:Q63) -> 17 | S63: =D63*1000 -> 1326538.9 | T63: =S63*E63/100 -> 918349.69 | U63: =S63*X63/100 -> 408189.25 | V63: =T63/1000 -> 918.34969 | W63: =U63/1000 -> 408.18925 | X63: =100-E63 -> 30.770996 | Y63: =ROUNDUP(E63,0) -> 70 | Z63: =ROUNDUP(X63,0) -> 31 | AA63: =ROUNDUP(D63/1000,0) -> 2 | AB63: =ROUNDUP(V63/1000,0) -> 1 | AC63: =ROUNDUP(W63/1000,0) -> 1 | AD63: =ROUND(F63,0) -> 100 | AE63: =ROUNDUP(E63/1000,0) -> 1
A64: Trinidad and Tobago | B64: High income | C64: =IF(B64="NAN",0, IF(B64="Low income",1, IF(B64="Lower middle income",2, IF(B64="Upper middle income",3, IF(B64="High income",4,""))))) -> 4 | D64: 1399.491 | E64: 53.214001 | F64: 98.875171 | G64: 1.1248292 | H64: 0 | I64: 0 | J64: NAN | K64: NAN | L64: NAN | M64: NAN | N64: NAN | O64: NAN | P64: NAN | Q64: NAN | R64: =COUNTA(A64:Q64) -> 17 | S64: =D64*1000 -> 1399491 | T64: =S64*E64/100 -> 744725.13 | U64: =S64*X64/100 -> 654765.83 | V64: =T64/1000 -> 744.72513 | W64: =U64/1000 -> 654.76583 | X64: =100-E64 -> 46.785999 | Y64: =ROUNDUP(E64,0) -> 54 | Z64: =ROUNDUP(X64,0) -> 47 | AA64: =ROUNDUP(D64/1000,0) -> 2 | AB64: =ROUNDUP(V64/1000,0) -> 1 | AC64: =ROUNDUP(W64/1000,0) -> 1 | AD64: =ROUND(F64,0) -> 99 | AE64: =ROUNDUP(E64/1000,0) -> 1
A65: Bahrain | B65: High income | C65: =IF(B65="NAN",0, IF(B65="Low income",1, IF(B65="Lower middle income",2, IF(B65="Upper middle income",3, IF(B65="High income",4,""))))) -> 4 | D65: 1701.583 | E65: 89.506004 | F65: 100 | G65: 0 | H65: 0 | I65: 0 | J65: NAN | K65: NAN | L65: NAN | M65: NAN | N65: NAN | O65: NAN | P65: NAN | Q65: NAN | R65: =COUNTA(A65:Q65) -> 17 | S65: =D65*1000 -> 1701583 | T65: =S65*E65/100 -> 1523019 | U65: =S65*X65/100 -> 178564.05 | V65: =T65/1000 -> 1523.019 | W65: =U65/1000 -> 178.56405 | X65: =100-E65 -> 10.493996 | Y65: =ROUNDUP(E65,0) -> 90 | Z65: =ROUNDUP(X65,0) -> 11 | AA65: =ROUNDUP(D65/1000,0) -> 2 | AB65: =ROUNDUP(V65/1000,0) -> 2 | AC65: =ROUNDUP(W65/1000,0) -> 1 | AD65: =ROUND(F65,0) -> 100 | AE65: =ROUNDUP(E65/1000,0) -> 1
A66: Latvia | B66: High income | C66: =IF(B66="NAN",0, IF(B66="Low income",1, IF(B66="Lower middle income",2, IF(B66="Upper middle income",3, IF(B66="High income",4,""))))) -> 4 | D66: 1886.202 | E66: 68.315002 | F66: 98.782601 | G66: 0.68230074 | H66: 0.5350981 | I66: 0 | J66: 98.579223 | K66: 0 | L66: 1.4207769 | M66: 0 | N66: 98.876925 | O66: 0.99875682 | P66: 0.12431849 | Q66: 0 | R66: =COUNTA(A66:Q66) -> 17 | S66: =D66*1000 -> 1886202 | T66: =S66*E66/100 -> 1288559 | U66: =S66*X66/100 -> 597643.07 | V66: =T66/1000 -> 1288.559 | W66: =U66/1000 -> 597.64307 | X66: =100-E66 -> 31.684998 | Y66: =ROUNDUP(E66,0) -> 69 | Z66: =ROUNDUP(X66,0) -> 32 | AA66: =ROUNDUP(D66/1000,0) -> 2 | AB66: =ROUNDUP(V66/1000,0) -> 2 | AC66: =ROUNDUP(W66/1000,0) -> 1 | AD66: =ROUND(F66,0) -> 99 | AE66: =ROUNDUP(E66/1000,0) -> 1
A67: Guinea-Bissau | B67: Low income | C67: =IF(B67="NAN",0, IF(B67="Low income",1, IF(B67="Lower middle income",2, IF(B67="Upper middle income",3, IF(B67="High income",4,""))))) -> 1 | D67: 1967.998 | E67: 44.195999 | F67: 59.016912 | G67: 14.034571 | H67: 26.626377 | I67: 0.32213952 | J67: 49.831905 | K67: 9.285773 | L67: 40.316451 | M67: 0.56587038 | N67: 70.614348 | O67: 20.030634 | P67: 9.3406253 | Q67: 0.014393227 | R67: =COUNTA(A67:Q67) -> 17 | S67: =D67*1000 -> 1967998 | T67: =S67*E67/100 -> 869776.4 | U67: =S67*X67/100 -> 1098221.6 | V67: =T67/1000 -> 869.7764 | W67: =U67/1000 -> 1098.2216 | X67: =100-E67 -> 55.804001 | Y67: =ROUNDUP(E67,0) -> 45 | Z67: =ROUNDUP(X67,0) -> 56 | AA67: =ROUNDUP(D67/1000,0) -> 2 | AB67: =ROUNDUP(V67/1000,0) -> 1 | AC67: =ROUNDUP(W67/1000,0) -> 2 | AD67: =ROUND(F67,0) -> 59 | AE67: =ROUNDUP(E67/1000,0) -> 1
A68: Slovenia | B68: High income | C68: =IF(B68="NAN",0, IF(B68="Low income",1, IF(B68="Lower middle income",2, IF(B68="Upper middle income",3, IF(B68="High income",4,""))))) -> 4 | D68: 2078.9319 | E68: 55.118004 | F68: 99.5 | G68: 0 | H68: 0.5 | I68: 0 | J68: NAN | K68: NAN | L68: NAN | M68: NAN | N68: NAN | O68: NAN | P68: NAN | Q68: NAN | R68: =COUNTA(A68:Q68) -> 17 | S68: =D68*1000 -> 2078931.9 | T68: =S68*E68/100 -> 1145865.8 | U68: =S68*X68/100 -> 933066.13 | V68: =T68/1000 -> 1145.8658 | W68: =U68/1000 -> 933.06613 | X68: =100-E68 -> 44.881996 | Y68: =ROUNDUP(E68,0) -> 56 | Z68: =ROUNDUP(X68,0) -> 45 | AA68: =ROUNDUP(D68/1000,0) -> 3 | AB68: =ROUNDUP(V68/1000,0) -> 2 | AC68: =ROUNDUP(W68/1000,0) -> 1 | AD68: =ROUND(F68,0) -> 100 | AE68: =ROUNDUP(E68/1000,0) -> 1
A69: North Macedonia | B69: Upper middle income | C69: =IF(B69="NAN",0, IF(B69="Low income",1, IF(B69="Lower middle income",2, IF(B69="Upper middle income",3, IF(B69="High income",4,""))))) -> 3 | D69: 2083.3799 | E69: 58.481998 | F69: 97.742816 | G69: 1.6349941 | H69: 0.57422848 | I69: 0.047961597 | J69: 97.468715 | K69: 1.5052022 | L69: 0.9105632 | M69: 0.11552 | N69: 97.937403 | O69: 1.727137 | P69: 0.33546006 | Q69: 0 | R69: =COUNTA(A69:Q69) -> 17 | S69: =D69*1000 -> 2083379.9 | T69: =S69*E69/100 -> 1218402.2 | U69: =S69*X69/100 -> 864977.69 | V69: =T69/1000 -> 1218.4022 | W69: =U69/1000 -> 864.97769 | X69: =100-E69 -> 41.518002 | Y69: =ROUNDUP(E69,0) -> 59 | Z69: =ROUNDUP(X69,0) -> 42 | AA69: =ROUNDUP(D69/1000,0) -> 3 | AB69: =ROUNDUP(V69/1000,0) -> 2 | AC69: =ROUNDUP(W69/1000,0) -> 1 | AD69: =ROUND(F69,0) -> 98 | AE69: =ROUNDUP(E69/1000,0) -> 1
A70: Lesotho | B70: Lower middle income | C70: =IF(B70="NAN",0, IF(B70="Low income",1, IF(B70="Lower middle income",2, IF(B70="Upper middle income",3, IF(B70="High income",4,""))))) -> 2 | D70: 2142.252 | E70: 29.028 | F70: 72.176039 | G70: 10.405926 | H70: 12.217255 | I70: 5.2007801 | J70: 63.650355 | K70: 13.55843 | L70: 15.731325 | M70: 7.0598903 | N70: 93.020909 | O70: 2.698212 | P70: 3.62553 | Q70: 0.65534942 | R70: =COUNTA(A70:Q70) -> 17 | S70: =D70*1000 -> 2142252 | T70: =S70*E70/100 -> 621852.89 | U70: =S70*X70/100 -> 1520399.1 | V70: =T70/1000 -> 621.85289 | W70: =U70/1000 -> 1520.3991 | X70: =100-E70 -> 70.972 | Y70: =ROUNDUP(E70,0) -> 30 | Z70: =ROUNDUP(X70,0) -> 71 | AA70: =ROUNDUP(D70/1000,0) -> 3 | AB70: =ROUNDUP(V70/1000,0) -> 1 | AC70: =ROUNDUP(W70/1000,0) -> 2 | AD70: =ROUND(F70,0) -> 72 | AE70: =ROUNDUP(E70/1000,0) -> 1
A71: Gabon | B71: Upper middle income | C71: =IF(B71="NAN",0, IF(B71="Low income",1, IF(B71="Lower middle income",2, IF(B71="Upper middle income",3, IF(B71="High income",4,""))))) -> 3 | D71: 2225.728 | E71: 90.092003 | F71: 85.341931 | G71: 7.7352631 | H71: 6.9228084 | I71: NAN | J71: 44.745889 | K71: 10.511149 | L71: 44.742962 | M71: NAN | N71: 89.806539 | O71: 7.4299808 | P71: 2.7634801 | Q71: NAN | R71: =COUNTA(A71:Q71) -> 17 | S71: =D71*1000 -> 2225728 | T71: =S71*E71/100 -> 2005203 | U71: =S71*X71/100 -> 220525.07 | V71: =T71/1000 -> 2005.203 | W71: =U71/1000 -> 220.52507 | X71: =100-E71 -> 9.9079971 | Y71: =ROUNDUP(E71,0) -> 91 | Z71: =ROUNDUP(X71,0) -> 10 | AA71: =ROUNDUP(D71/1000,0) -> 3 | AB71: =ROUNDUP(V71/1000,0) -> 3 | AC71: =ROUNDUP(W71/1000,0) -> 1 | AD71: =ROUND(F71,0) -> 85 | AE71: =ROUNDUP(E71/1000,0) -> 1
A72: Botswana | B72: Upper middle income | C72: =IF(B72="NAN",0, IF(B72="Low income",1, IF(B72="Lower middle income",2, IF(B72="Upper middle income",3, IF(B72="High income",4,""))))) -> 3 | D72: 2351.625 | E72: 70.876999 | F72: 92.213563 | G72: 4.723039 | H72: 1.7325265 | I72: 1.3308715 | J72: 79.043724 | K72: 15.154947 | L72: 1.5961192 | M72: 4.2052098 | N72: 97.624981 | O72: 0.43662003 | P72: 1.7885792 | Q72: 0.14982023 | R72: =COUNTA(A72:Q72) -> 17 | S72: =D72*1000 -> 2351625 | T72: =S72*E72/100 -> 1666761.2 | U72: =S72*X72/100 -> 684863.77 | V72: =T72/1000 -> 1666.7612 | W72: =U72/1000 -> 684.86377 | X72: =100-E72 -> 29.123001 | Y72: =ROUNDUP(E72,0) -> 71 | Z72: =ROUNDUP(X72,0) -> 30 | AA72: =ROUNDUP(D72/1000,0) -> 3 | AB72: =ROUNDUP(V72/1000,0) -> 2 | AC72: =ROUNDUP(W72/1000,0) -> 1 | AD72: =ROUND(F72,0) -> 92 | AE72: =ROUNDUP(E72/1000,0) -> 1
A73: Gambia | B73: Low income | C73: =IF(B73="NAN",0, IF(B73="Low income",1, IF(B73="Lower middle income",2, IF(B73="Upper middle income",3, IF(B73="High income",4,""))))) -> 1 | D73: 2416.6641 | E73: 62.581997 | F73: 80.940407 | G73: 8.5973914 | H73: 10.352852 | I73: 0.10934939 | J73: 69.188523 | K73: 16.497832 | L73: 14.243765 | M73: 0.069878937 | N73: 87.966904 | O73: 3.8736895 | P73: 8.0264573 | Q73: 0.13294893 | R73: =COUNTA(A73:Q73) -> 17 | S73: =D73*1000 -> 2416664.1 | T73: =S73*E73/100 -> 1512396.6 | U73: =S73*X73/100 -> 904267.43 | V73: =T73/1000 -> 1512.3966 | W73: =U73/1000 -> 904.26743 | X73: =100-E73 -> 37.418003 | Y73: =ROUNDUP(E73,0) -> 63 | Z73: =ROUNDUP(X73,0) -> 38 | AA73: =ROUNDUP(D73/1000,0) -> 3 | AB73: =ROUNDUP(V73/1000,0) -> 2 | AC73: =ROUNDUP(W73/1000,0) -> 1 | AD73: =ROUND(F73,0) -> 81 | AE73: =ROUNDUP(E73/1000,0) -> 1
A74: Namibia | B74: Upper middle income | C74: =IF(B74="NAN",0, IF(B74="Low income",1, IF(B74="Lower middle income",2, IF(B74="Upper middle income",3, IF(B74="High income",4,""))))) -> 3 | D74: 2540.916 | E74: 52.033001 | F74: 84.270036 | G74: 7.0876275 | H74: 3.7401437 | I74: 4.9021925 | J74: 71.256167 | K74: 11.972189 | L74: 7.0818038 | M74: 9.6898396 | N74: 96.266965 | O74: 2.584759 | P74: 0.65961026 | Q74: 0.48866542 | R74: =COUNTA(A74:Q74) -> 17 | S74: =D74*1000 -> 2540916 | T74: =S74*E74/100 -> 1322114.9 | U74: =S74*X74/100 -> 1218801.2 | V74: =T74/1000 -> 1322.1149 | W74: =U74/1000 -> 1218.8012 | X74: =100-E74 -> 47.966999 | Y74: =ROUNDUP(E74,0) -> 53 | Z74: =ROUNDUP(X74,0) -> 48 | AA74: =ROUNDUP(D74/1000,0) -> 3 | AB74: =ROUNDUP(V74/1000,0) -> 2 | AC74: =ROUNDUP(W74/1000,0) -> 2 | AD74: =ROUND(F74,0) -> 84 | AE74: =ROUNDUP(E74/1000,0) -> 1
A75: Lithuania | B75: High income | C75: =IF(B75="NAN",0, IF(B75="Low income",1, IF(B75="Lower middle income",2, IF(B75="Upper middle income",3, IF(B75="High income",4,""))))) -> 4 | D75: 2722.291 | E75: 68.045998 | F75: 98.013347 | G75: 0 | H75: 1.9866528 | I75: 0 | J75: 93.78278 | K75: 0 | L75: 6.2172198 | M75: 0 | N75: 100 | O75: 0 | P75: 0 | Q75: 0 | R75: =COUNTA(A75:Q75) -> 17 | S75: =D75*1000 -> 2722291 | T75: =S75*E75/100 -> 1852410.1 | U75: =S75*X75/100 -> 869880.94 | V75: =T75/1000 -> 1852.4101 | W75: =U75/1000 -> 869.88094 | X75: =100-E75 -> 31.954002 | Y75: =ROUNDUP(E75,0) -> 69 | Z75: =ROUNDUP(X75,0) -> 32 | AA75: =ROUNDUP(D75/1000,0) -> 3 | AB75: =ROUNDUP(V75/1000,0) -> 2 | AC75: =ROUNDUP(W75/1000,0) -> 1 | AD75: =ROUND(F75,0) -> 98 | AE75: =ROUNDUP(E75/1000,0) -> 1
A76: Puerto Rico | B76: High income | C76: =IF(B76="NAN",0, IF(B76="Low income",1, IF(B76="Lower middle income",2, IF(B76="Upper middle income",3, IF(B76="High income",4,""))))) -> 4 | D76: 2860.8401 | E76: 93.581001 | F76: 100 | G76: 0 | H76: 0 | I76: 0 | J76: NAN | K76: NAN | L76: NAN | M76: NAN | N76: NAN | O76: NAN | P76: NAN | Q76: NAN | R76: =COUNTA(A76:Q76) -> 17 | S76: =D76*1000 -> 2860840.1 | T76: =S76*E76/100 -> 2677202.8 | U76: =S76*X76/100 -> 183637.29 | V76: =T76/1000 -> 2677.2028 | W76: =U76/1000 -> 183.63729 | X76: =100-E76 -> 6.4189987 | Y76: =ROUNDUP(E76,0) -> 94 | Z76: =ROUNDUP(X76,0) -> 7 | AA76: =ROUNDUP(D76/1000,0) -> 3 | AB76: =ROUNDUP(V76/1000,0) -> 3 | AC76: =ROUNDUP(W76/1000,0) -> 1 | AD76: =ROUND(F76,0) -> 100 | AE76: =ROUNDUP(E76/1000,0) -> 1
A77: Albania | B77: Upper middle income | C77: =IF(B77="NAN",0, IF(B77="Low income",1, IF(B77="Lower middle income",2, IF(B77="Upper middle income",3, IF(B77="High income",4,""))))) -> 3 | D77: 2877.8 | E77: 62.112 | F77: 95.068039 | G77: 1.8846561 | H77: 3.0473051 | I77: 0 | J77: 94.091358 | K77: 2.305265 | L77: 3.603377 | M77: 0 | N77: 95.663809 | O77: 1.6280868 | P77: 2.7081041 | Q77: 0 | R77: =COUNTA(A77:Q77) -> 17 | S77: =D77*1000 -> 2877800 | T77: =S77*E77/100 -> 1787459.2 | U77: =S77*X77/100 -> 1090340.9 | V77: =T77/1000 -> 1787.4592 | W77: =U77/1000 -> 1090.3409 | X77: =100-E77 -> 37.888 | Y77: =ROUNDUP(E77,0) -> 63 | Z77: =ROUNDUP(X77,0) -> 38 | AA77: =ROUNDUP(D77/1000,0) -> 3 | AB77: =ROUNDUP(V77/1000,0) -> 2 | AC77: =ROUNDUP(W77/1000,0) -> 2 | AD77: =ROUND(F77,0) -> 95 | AE77: =ROUNDUP(E77/1000,0) -> 1
A78: Qatar | B78: High income | C78: =IF(B78="NAN",0, IF(B78="Low income",1, IF(B78="Lower middle income",2, IF(B78="Upper middle income",3, IF(B78="High income",4,""))))) -> 4 | D78: 2881.0601 | E78: 99.235001 | F78: 99.568102 | G78: 0 | H78: 0.43189806 | I78: 0 | J78: NAN | K78: NAN | L78: NAN | M78: NAN | N78: NAN | O78: NAN | P78: NAN | Q78: NAN | R78: =COUNTA(A78:Q78) -> 17 | S78: =D78*1000 -> 2881060.1 | T78: =S78*E78/100 -> 2859020 | U78: =S78*X78/100 -> 22040.092 | V78: =T78/1000 -> 2859.02 | W78: =U78/1000 -> 22.040092 | X78: =100-E78 -> 0.76499939 | Y78: =ROUNDUP(E78,0) -> 100 | Z78: =ROUNDUP(X78,0) -> 1 | AA78: =ROUNDUP(D78/1000,0) -> 3 | AB78: =ROUNDUP(V78/1000,0) -> 3 | AC78: =ROUNDUP(W78/1000,0) -> 1 | AD78: =ROUND(F78,0) -> 100 | AE78: =ROUNDUP(E78/1000,0) -> 1
A79: Jamaica | B79: Upper middle income | C79: =IF(B79="NAN",0, IF(B79="Low income",1, IF(B79="Lower middle income",2, IF(B79="Upper middle income",3, IF(B79="High income",4,""))))) -> 3 | D79: 2961.1609 | E79: 56.311001 | F79: 91.029944 | G79: 5.3675709 | H79: 1.8640102 | I79: 1.7384744 | J79: 85.399912 | K79: 8.4907374 | L79: 2.5689719 | M79: 3.5403786 | N79: 95.398016 | O79: 2.9444562 | P79: 1.3170643 | Q79: 0.34046355 | R79: =COUNTA(A79:Q79) -> 17 | S79: =D79*1000 -> 2961160.9 | T79: =S79*E79/100 -> 1667459.3 | U79: =S79*X79/100 -> 1293701.6 | V79: =T79/1000 -> 1667.4593 | W79: =U79/1000 -> 1293.7016 | X79: =100-E79 -> 43.688999 | Y79: =ROUNDUP(E79,0) -> 57 | Z79: =ROUNDUP(X79,0) -> 44 | AA79: =ROUNDUP(D79/1000,0) -> 3 | AB79: =ROUNDUP(V79/1000,0) -> 2 | AC79: =ROUNDUP(W79/1000,0) -> 2 | AD79: =ROUND(F79,0) -> 91 | AE79: =ROUNDUP(E79/1000,0) -> 1
A80: Armenia | B80: Upper middle income | C80: =IF(B80="NAN",0, IF(B80="Low income",1, IF(B80="Lower middle income",2, IF(B80="Upper middle income",3, IF(B80="High income",4,""))))) -> 3 | D80: 2963.2339 | E80: 63.313 | F80: 99.971181 | G80: 0 | H80: 0.028819308 | I80: 0 | J80: 100 | K80: 0 | L80: 0 | M80: 0 | N80: 99.954481 | O80: 0 | P80: 0.045518784 | Q80: 0 | R80: =COUNTA(A80:Q80) -> 17 | S80: =D80*1000 -> 2963233.9 | T80: =S80*E80/100 -> 1876112.3 | U80: =S80*X80/100 -> 1087121.6 | V80: =T80/1000 -> 1876.1123 | W80: =U80/1000 -> 1087.1216 | X80: =100-E80 -> 36.687 | Y80: =ROUNDUP(E80,0) -> 64 | Z80: =ROUNDUP(X80,0) -> 37 | AA80: =ROUNDUP(D80/1000,0) -> 3 | AB80: =ROUNDUP(V80/1000,0) -> 2 | AC80: =ROUNDUP(W80/1000,0) -> 2 | AD80: =ROUND(F80,0) -> 100 | AE80: =ROUNDUP(E80/1000,0) -> 1
A81: Mongolia | B81: Lower middle income | C81: =IF(B81="NAN",0, IF(B81="Low income",1, IF(B81="Lower middle income",2, IF(B81="Upper middle income",3, IF(B81="High income",4,""))))) -> 2 | D81: 3278.292 | E81: 68.656998 | F81: 85.495625 | G81: 2.1464289 | H81: 6.6333667 | I81: 5.7245791 | J81: 61.070751 | K81: 3.0841706 | L81: 17.580781 | M81: 18.264297 | N81: 96.645966 | O81: 1.7183351 | P81: 1.6356993 | Q81: 0 | R81: =COUNTA(A81:Q81) -> 17 | S81: =D81*1000 -> 3278292 | T81: =S81*E81/100 -> 2250776.9 | U81: =S81*X81/100 -> 1027515.1 | V81: =T81/1000 -> 2250.7769 | W81: =U81/1000 -> 1027.5151 | X81: =100-E81 -> 31.343002 | Y81: =ROUNDUP(E81,0) -> 69 | Z81: =ROUNDUP(X81,0) -> 32 | AA81: =ROUNDUP(D81/1000,0) -> 4 | AB81: =ROUNDUP(V81/1000,0) -> 3 | AC81: =ROUNDUP(W81/1000,0) -> 2 | AD81: =ROUND(F81,0) -> 85 | AE81: =ROUNDUP(E81/1000,0) -> 1
A82: Bosnia and Herzegovina | B82: Upper middle income | C82: =IF(B82="NAN",0, IF(B82="Low income",1, IF(B82="Lower middle income",2, IF(B82="Upper middle income",3, IF(B82="High income",4,""))))) -> 3 | D82: 3280.8149 | E82: 49.02 | F82: 96.113898 | G82: 3.8236639 | H82: 0.062438438 | I82: 0 | J82: 97.333333 | K82: 2.6666667 | L82: 0 | M82: 0 | N82: 94.845704 | O82: 5.0269222 | P82: 0.12737339 | Q82: 0 | R82: =COUNTA(A82:Q82) -> 17 | S82: =D82*1000 -> 3280814.9 | T82: =S82*E82/100 -> 1608255.5 | U82: =S82*X82/100 -> 1672559.4 | V82: =T82/1000 -> 1608.2555 | W82: =U82/1000 -> 1672.5594 | X82: =100-E82 -> 50.98 | Y82: =ROUNDUP(E82,0) -> 50 | Z82: =ROUNDUP(X82,0) -> 51 | AA82: =ROUNDUP(D82/1000,0) -> 4 | AB82: =ROUNDUP(V82/1000,0) -> 2 | AC82: =ROUNDUP(W82/1000,0) -> 2 | AD82: =ROUND(F82,0) -> 96 | AE82: =ROUNDUP(E82/1000,0) -> 1
A83: Uruguay | B83: High income | C83: =IF(B83="NAN",0, IF(B83="Low income",1, IF(B83="Lower middle income",2, IF(B83="Upper middle income",3, IF(B83="High income",4,""))))) -> 4 | D83: 3473.7271 | E83: 95.514999 | F83: 99.495758 | G83: 0.50424244 | H83: 0 | I83: 0 | J83: 95.30083 | K83: 4.69917 | L83: 0 | M83: 0 | N83: 99.692734 | O83: 0.30726556 | P83: 0 | Q83: 0 | R83: =COUNTA(A83:Q83) -> 17 | S83: =D83*1000 -> 3473727.1 | T83: =S83*E83/100 -> 3317930.4 | U83: =S83*X83/100 -> 155796.68 | V83: =T83/1000 -> 3317.9304 | W83: =U83/1000 -> 155.79668 | X83: =100-E83 -> 4.4850006 | Y83: =ROUNDUP(E83,0) -> 96 | Z83: =ROUNDUP(X83,0) -> 5 | AA83: =ROUNDUP(D83/1000,0) -> 4 | AB83: =ROUNDUP(V83/1000,0) -> 4 | AC83: =ROUNDUP(W83/1000,0) -> 1 | AD83: =ROUND(F83,0) -> 99 | AE83: =ROUNDUP(E83/1000,0) -> 1
A84: Georgia | B84: Upper middle income | C84: =IF(B84="NAN",0, IF(B84="Low income",1, IF(B84="Lower middle income",2, IF(B84="Upper middle income",3, IF(B84="High income",4,""))))) -> 3 | D84: 3989.175 | E84: 59.452995 | F84: 97.34814 | G84: 0 | H84: 2.6327614 | I84: 0.019098923 | J84: 94.271884 | K84: 0 | L84: 5.7039236 | M84: 0.024192183 | N84: 99.446154 | O84: 0 | P84: 0.53822074 | Q84: 0.015625316 | R84: =COUNTA(A84:Q84) -> 17 | S84: =D84*1000 -> 3989175 | T84: =S84*E84/100 -> 2371684.1 | U84: =S84*X84/100 -> 1617491 | V84: =T84/1000 -> 2371.6841 | W84: =U84/1000 -> 1617.491 | X84: =100-E84 -> 40.547005 | Y84: =ROUNDUP(E84,0) -> 60 | Z84: =ROUNDUP(X84,0) -> 41 | AA84: =ROUNDUP(D84/1000,0) -> 4 | AB84: =ROUNDUP(V84/1000,0) -> 3 | AC84: =ROUNDUP(W84/1000,0) -> 2 | AD84: =ROUND(F84,0) -> 97 | AE84: =ROUNDUP(E84/1000,0) -> 1
A85: Republic of Moldova | B85: Upper middle income | C85: =IF(B85="NAN",0, IF(B85="Low income",1, IF(B85="Lower middle income",2, IF(B85="Upper middle income",3, IF(B85="High income",4,""))))) -> 3 | D85: 4033.9629 | E85: 42.849003 | F85: 90.569962 | G85: 1.5197768 | H85: 7.910261 | I85: 0 | J85: 85.481038 | K85: 1.522563 | L85: 12.996399 | M85: 0 | N85: 97.357444 | O85: 1.5160604 | P85: 1.1264951 | Q85: 0 | R85: =COUNTA(A85:Q85) -> 17 | S85: =D85*1000 -> 4033962.9 | T85: =S85*E85/100 -> 1728512.9 | U85: =S85*X85/100 -> 2305450 | V85: =T85/1000 -> 1728.5129 | W85: =U85/1000 -> 2305.45 | X85: =100-E85 -> 57.150997 | Y85: =ROUNDUP(E85,0) -> 43 | Z85: =ROUNDUP(X85,0) -> 58 | AA85: =ROUNDUP(D85/1000,0) -> 5 | AB85: =ROUNDUP(V85/1000,0) -> 2 | AC85: =ROUNDUP(W85/1000,0) -> 3 | AD85: =ROUND(F85,0) -> 91 | AE85: =ROUNDUP(E85/1000,0) -> 1
A86: Croatia | B86: High income | C86: =IF(B86="NAN",0, IF(B86="Low income",1, IF(B86="Lower middle income",2, IF(B86="Upper middle income",3, IF(B86="High income",4,""))))) -> 4 | D86: 4105.2681 | E86: 57.552998 | F86: NAN | G86: NAN | H86: NAN | I86: NAN | J86: NAN | K86: NAN | L86: NAN | M86: NAN | N86: 100 | O86: 0 | P86: 0 | Q86: 0 | R86: =COUNTA(A86:Q86) -> 17 | S86: =D86*1000 -> 4105268.1 | T86: =S86*E86/100 -> 2362704.8 | U86: =S86*X86/100 -> 1742563.2 | V86: =T86/1000 -> 2362.7048 | W86: =U86/1000 -> 1742.5632 | X86: =100-E86 -> 42.447002 | Y86: =ROUNDUP(E86,0) -> 58 | Z86: =ROUNDUP(X86,0) -> 43 | AA86: =ROUNDUP(D86/1000,0) -> 5 | AB86: =ROUNDUP(V86/1000,0) -> 3 | AC86: =ROUNDUP(W86/1000,0) -> 2 | AD86: NAN | AE86: =ROUNDUP(E86/1000,0) -> 1
A87: Kuwait | B87: High income | C87: =IF(B87="NAN",0, IF(B87="Low income",1, IF(B87="Lower middle income",2, IF(B87="Upper middle income",3, IF(B87="High income",4,""))))) -> 4 | D87: 4270.563 | E87: 100 | F87: 100 | G87: 0 | H87: 0 | I87: 0 | J87: NAN | K87: NAN | L87: NAN | M87: NAN | N87: NAN | O87: NAN | P87: NAN | Q87: NAN | R87: =COUNTA(A87:Q87) -> 17 | S87: =D87*1000 -> 4270563 | T87: =S87*E87/100 -> 4270563 | U87: =S87*X87/100 -> 0 | V87: =T87/1000 -> 4270.563 | W87: =U87/1000 -> 0 | X87: =100-E87 -> 0 | Y87: =ROUNDUP(E87,0) -> 100 | Z87: =ROUNDUP(X87,0) -> 0 | AA87: =ROUNDUP(D87/1000,0) -> 5 | AB87: =ROUNDUP(V87/1000,0) -> 5 | AC87: =ROUNDUP(W87/1000,0) -> 0 | AD87: =ROUND(F87,0) -> 100 | AE87: =ROUNDUP(E87/1000,0) -> 1
A88: Panama | B88: High income | C88: =IF(B88="NAN",0, IF(B88="Low income",1, IF(B88="Lower middle income",2, IF(B88="Upper middle income",3, IF(B88="High income",4,""))))) -> 4 | D88: 4314.7681 | E88: 68.414001 | F88: 94.372544 | G88: 1.8734806 | H88: 2.2623042 | I88: 1.4916708 | J88: 86.323083 | K88: 1.7919826 | L88: 7.1623643 | M88: 4.7225698 | N88: 98.088893 | O88: 1.9111073 | P88: 0 | Q88: 0 | R88: =COUNTA(A88:Q88) -> 17 | S88: =D88*1000 -> 4314768.1 | T88: =S88*E88/100 -> 2951905.5 | U88: =S88*X88/100 -> 1362862.6 | V88: =T88/1000 -> 2951.9055 | W88: =U88/1000 -> 1362.8626 | X88: =100-E88 -> 31.585999 | Y88: =ROUNDUP(E88,0) -> 69 | Z88: =ROUNDUP(X88,0) -> 32 | AA88: =ROUNDUP(D88/1000,0) -> 5 | AB88: =ROUNDUP(V88/1000,0) -> 3 | AC88: =ROUNDUP(W88/1000,0) -> 2 | AD88: =ROUND(F88,0) -> 94 | AE88: =ROUNDUP(E88/1000,0) -> 1
A89: Mauritania | B89: Lower middle income | C89: =IF(B89="NAN",0, IF(B89="Low income",1, IF(B89="Lower middle income",2, IF(B89="Upper middle income",3, IF(B89="High income",4,""))))) -> 2 | D89: 4649.6602 | E89: 55.326996 | F89: 71.681049 | G89: 13.476892 | H89: 14.820327 | I89: 0.021732034 | J89: 49.911339 | K89: 18.490397 | L89: 31.549617 | M89: 0.048646907 | N89: 89.258695 | O89: 9.4288081 | P89: 1.3124973 | Q89: 0 | R89: =COUNTA(A89:Q89) -> 17 | S89: =D89*1000 -> 4649660.2 | T89: =S89*E89/100 -> 2572517.3 | U89: =S89*X89/100 -> 2077142.9 | V89: =T89/1000 -> 2572.5173 | W89: =U89/1000 -> 2077.1429 | X89: =100-E89 -> 44.673004 | Y89: =ROUNDUP(E89,0) -> 56 | Z89: =ROUNDUP(X89,0) -> 45 | AA89: =ROUNDUP(D89/1000,0) -> 5 | AB89: =ROUNDUP(V89/1000,0) -> 3 | AC89: =ROUNDUP(W89/1000,0) -> 3 | AD89: =ROUND(F89,0) -> 72 | AE89: =ROUNDUP(E89/1000,0) -> 1
A90: New Zealand | B90: High income | C90: =IF(B90="NAN",0, IF(B90="Low income",1, IF(B90="Lower middle income",2, IF(B90="Upper middle income",3, IF(B90="High income",4,""))))) -> 4 | D90: 4822.2329 | E90: 86.698998 | F90: 100 | G90: 0 | H90: 0 | I90: 0 | J90: 100 | K90: 0 | L90: 0 | M90: 0 | N90: 100 | O90: 0 | P90: 0 | Q90: 0 | R90: =COUNTA(A90:Q90) -> 17 | S90: =D90*1000 -> 4822232.9 | T90: =S90*E90/100 -> 4180827.6 | U90: =S90*X90/100 -> 641405.32 | V90: =T90/1000 -> 4180.8276 | W90: =U90/1000 -> 641.40532 | X90: =100-E90 -> 13.301002 | Y90: =ROUNDUP(E90,0) -> 87 | Z90: =ROUNDUP(X90,0) -> 14 | AA90: =ROUNDUP(D90/1000,0) -> 5 | AB90: =ROUNDUP(V90/1000,0) -> 5 | AC90: =ROUNDUP(W90/1000,0) -> 1 | AD90: =ROUND(F90,0) -> 100 | AE90: =ROUNDUP(E90/1000,0) -> 1
A91: Central African Republic | B91: Low income | C91: =IF(B91="NAN",0, IF(B91="Low income",1, IF(B91="Lower middle income",2, IF(B91="Upper middle income",3, IF(B91="High income",4,""))))) -> 1 | D91: 4829.7642 | E91: 42.197998 | F91: 37.202402 | G91: 25.682373 | H91: 33.539114 | I91: 3.5761107 | J91: 28.106594 | K91: 19.40589 | L91: 46.373073 | M91: 6.1144429 | N91: 49.661665 | O91: 34.27978 | P91: 15.959402 | Q91: 0.099152817 | R91: =COUNTA(A91:Q91) -> 17 | S91: =D91*1000 -> 4829764.2 | T91: =S91*E91/100 -> 2038063.8 | U91: =S91*X91/100 -> 2791700.4 | V91: =T91/1000 -> 2038.0638 | W91: =U91/1000 -> 2791.7004 | X91: =100-E91 -> 57.802002 | Y91: =ROUNDUP(E91,0) -> 43 | Z91: =ROUNDUP(X91,0) -> 58 | AA91: =ROUNDUP(D91/1000,0) -> 5 | AB91: =ROUNDUP(V91/1000,0) -> 3 | AC91: =ROUNDUP(W91/1000,0) -> 3 | AD91: =ROUND(F91,0) -> 37 | AE91: =ROUNDUP(E91/1000,0) -> 1
A92: Ireland | B92: High income | C92: =IF(B92="NAN",0, IF(B92="Low income",1, IF(B92="Lower middle income",2, IF(B92="Upper middle income",3, IF(B92="High income",4,""))))) -> 4 | D92: 4937.7959 | E92: 63.653 | F92: 97.399707 | G92: 0 | H92: 2.6002935 | I92: 0 | J92: 98.134921 | K92: 0 | L92: 1.8650792 | M92: 0 | N92: 96.979886 | O92: 0 | P92: 3.020114 | Q92: 0 | R92: =COUNTA(A92:Q92) -> 17 | S92: =D92*1000 -> 4937795.9 | T92: =S92*E92/100 -> 3143055.2 | U92: =S92*X92/100 -> 1794740.7 | V92: =T92/1000 -> 3143.0552 | W92: =U92/1000 -> 1794.7407 | X92: =100-E92 -> 36.347 | Y92: =ROUNDUP(E92,0) -> 64 | Z92: =ROUNDUP(X92,0) -> 37 | AA92: =ROUNDUP(D92/1000,0) -> 5 | AB92: =ROUNDUP(V92/1000,0) -> 4 | AC92: =ROUNDUP(W92/1000,0) -> 2 | AD92: =ROUND(F92,0) -> 97 | AE92: =ROUNDUP(E92/1000,0) -> 1
A93: Liberia | B93: Low income | C93: =IF(B93="NAN",0, IF(B93="Low income",1, IF(B93="Lower middle income",2, IF(B93="Upper middle income",3, IF(B93="High income",4,""))))) -> 1 | D93: 5057.6768 | E93: 52.088997 | F93: 75.261792 | G93: 8.7006575 | H93: 3.4880809 | I93: 12.54947 | J93: 64.100217 | K93: 6.5377758 | L93: 3.3837099 | M93: 25.978297 | N93: 85.52811 | O93: 10.690057 | P93: 3.5840804 | Q93: 0.197753 | R93: =COUNTA(A93:Q93) -> 17 | S93: =D93*1000 -> 5057676.8 | T93: =S93*E93/100 -> 2634493.1 | U93: =S93*X93/100 -> 2423183.7 | V93: =T93/1000 -> 2634.4931 | W93: =U93/1000 -> 2423.1837 | X93: =100-E93 -> 47.911003 | Y93: =ROUNDUP(E93,0) -> 53 | Z93: =ROUNDUP(X93,0) -> 48 | AA93: =ROUNDUP(D93/1000,0) -> 6 | AB93: =ROUNDUP(V93/1000,0) -> 3 | AC93: =ROUNDUP(W93/1000,0) -> 3 | AD93: =ROUND(F93,0) -> 75 | AE93: =ROUNDUP(E93/1000,0) -> 1
A94: Costa Rica | B94: Upper middle income | C94: =IF(B94="NAN",0, IF(B94="Low income",1, IF(B94="Lower middle income",2, IF(B94="Upper middle income",3, IF(B94="High income",4,""))))) -> 3 | D94: 5094.1138 | E94: 80.770996 | F94: 99.810537 | G94: 0.18945947 | H94: 3.5944519e-06 | I94: 0 | J94: 99.64625 | K94: 0.35375 | L94: 0 | M94: 0 | N94: 99.849653 | O94: 0.15034714 | P94: 0 | Q94: 0 | R94: =COUNTA(A94:Q94) -> 17 | S94: =D94*1000 -> 5094113.8 | T94: =S94*E94/100 -> 4114566.4 | U94: =S94*X94/100 -> 979547.34 | V94: =T94/1000 -> 4114.5664 | W94: =U94/1000 -> 979.54734 | X94: =100-E94 -> 19.229004 | Y94: =ROUNDUP(E94,0) -> 81 | Z94: =ROUNDUP(X94,0) -> 20 | AA94: =ROUNDUP(D94/1000,0) -> 6 | AB94: =ROUNDUP(V94/1000,0) -> 5 | AC94: =ROUNDUP(W94/1000,0) -> 1 | AD94: =ROUND(F94,0) -> 100 | AE94: =ROUNDUP(E94/1000,0) -> 1
A95: West Bank and Gaza Strip | B95: Lower middle income | C95: =IF(B95="NAN",0, IF(B95="Low income",1, IF(B95="Lower middle income",2, IF(B95="Upper middle income",3, IF(B95="High income",4,""))))) -> 2 | D95: 5101.416 | E95: 76.718994 | F95: 97.880397 | G95: 1.0299795 | H95: 1.0896233 | I95: NAN | J95: 98.715556 | K95: 0.31740063 | L95: 0.96704296 | M95: NAN | N95: 97.626964 | O95: 1.2462174 | P95: 1.1268182 | Q95: NAN | R95: =COUNTA(A95:Q95) -> 17 | S95: =D95*1000 -> 5101416 | T95: =S95*E95/100 -> 3913755.1 | U95: =S95*X95/100 -> 1187661 | V95: =T95/1000 -> 3913.7551 | W95: =U95/1000 -> 1187.661 | X95: =100-E95 -> 23.281006 | Y95: =ROUNDUP(E95,0) -> 77 | Z95: =ROUNDUP(X95,0) -> 24 | AA95: =ROUNDUP(D95/1000,0) -> 6 | AB95: =ROUNDUP(V95/1000,0) -> 4 | AC95: =ROUNDUP(W95/1000,0) -> 2 | AD95: =ROUND(F95,0) -> 98 | AE95: =ROUNDUP(E95/1000,0) -> 1
A96: Oman | B96: High income | C96: =IF(B96="NAN",0, IF(B96="Low income",1, IF(B96="Lower middle income",2, IF(B96="Upper middle income",3, IF(B96="High income",4,""))))) -> 4 | D96: 5106.6221 | E96: 86.275993 | F96: 92.168025 | G96: 7.5414199 | H96: 0.2604052 | I96: 0.030150217 | J96: 76.25078 | K96: 21.632121 | L96: 1.8974092 | M96: 0.21968974 | N96: 94.7 | O96: 5.3 | P96: 0 | Q96: 0 | R96: =COUNTA(A96:Q96) -> 17 | S96: =D96*1000 -> 5106622.1 | T96: =S96*E96/100 -> 4405788.9 | U96: =S96*X96/100 -> 700833.15 | V96: =T96/1000 -> 4405.7889 | W96: =U96/1000 -> 700.83315 | X96: =100-E96 -> 13.724007 | Y96: =ROUNDUP(E96,0) -> 87 | Z96: =ROUNDUP(X96,0) -> 14 | AA96: =ROUNDUP(D96/1000,0) -> 6 | AB96: =ROUNDUP(V96/1000,0) -> 5 | AC96: =ROUNDUP(W96/1000,0) -> 1 | AD96: =ROUND(F96,0) -> 92 | AE96: =ROUNDUP(E96/1000,0) -> 1
A97: Norway | B97: High income | C97: =IF(B97="NAN",0, IF(B97="Low income",1, IF(B97="Lower middle income",2, IF(B97="Upper middle income",3, IF(B97="High income",4,""))))) -> 4 | D97: 5421.2422 | E97: 82.973991 | F97: 99.999995 | G97: 0 | H97: 4.5034075e-06 | I97: 0 | J97: 100 | K97: 0 | L97: 0 | M97: 0 | N97: 100 | O97: 0 | P97: 0 | Q97: 0 | R97: =COUNTA(A97:Q97) -> 17 | S97: =D97*1000 -> 5421242.2 | T97: =S97*E97/100 -> 4498221 | U97: =S97*X97/100 -> 923021.16 | V97: =T97/1000 -> 4498.221 | W97: =U97/1000 -> 923.02116 | X97: =100-E97 -> 17.026009 | Y97: =ROUNDUP(E97,0) -> 83 | Z97: =ROUNDUP(X97,0) -> 18 | AA97: =ROUNDUP(D97/1000,0) -> 6 | AB97: =ROUNDUP(V97/1000,0) -> 5 | AC97: =ROUNDUP(W97/1000,0) -> 1 | AD97: =ROUND(F97,0) -> 100 | AE97: =ROUNDUP(E97/1000,0) -> 1
A98: Slovakia | B98: High income | C98: =IF(B98="NAN",0, IF(B98="Low income",1, IF(B98="Lower middle income",2, IF(B98="Upper middle income",3, IF(B98="High income",4,""))))) -> 4 | D98: 5459.6431 | E98: 53.759998 | F98: 99.787699 | G98: 0.21230142 | H98: 0 | I98: 0 | J98: 100 | K98: 0 | L98: 0 | M98: 0 | N98: 99.605094 | O98: 0.39490594 | P98: 0 | Q98: 0 | R98: =COUNTA(A98:Q98) -> 17 | S98: =D98*1000 -> 5459643.1 | T98: =S98*E98/100 -> 2935104 | U98: =S98*X98/100 -> 2524539 | V98: =T98/1000 -> 2935.104 | W98: =U98/1000 -> 2524.539 | X98: =100-E98 -> 46.240002 | Y98: =ROUNDUP(E98,0) -> 54 | Z98: =ROUNDUP(X98,0) -> 47 | AA98: =ROUNDUP(D98/1000,0) -> 6 | AB98: =ROUNDUP(V98/1000,0) -> 3 | AC98: =ROUNDUP(W98/1000,0) -> 3 | AD98: =ROUND(F98,0) -> 100 | AE98: =ROUNDUP(E98/1000,0) -> 1
A99: Congo | B99: Lower middle income | C99: =IF(B99="NAN",0, IF(B99="Low income",1, IF(B99="Lower middle income",2, IF(B99="Upper middle income",3, IF(B99="High income",4,""))))) -> 2 | D99: 5518.0918 | E99: 67.829002 | F99: 73.784512 | G99: 10.461172 | H99: 9.5591807 | I99: 6.1951357 | J99: 45.724413 | K99: 10.63239 | L99: 24.40517 | M99: 19.238027 | N99: 87.093296 | O99: 10.379964 | P99: 2.51779 | Q99: 0.0089494521 | R99: =COUNTA(A99:Q99) -> 17 | S99: =D99*1000 -> 5518091.8 | T99: =S99*E99/100 -> 3742866.6 | U99: =S99*X99/100 -> 1775225.2 | V99: =T99/1000 -> 3742.8666 | W99: =U99/1000 -> 1775.2252 | X99: =100-E99 -> 32.170998 | Y99: =ROUNDUP(E99,0) -> 68 | Z99: =ROUNDUP(X99,0) -> 33 | AA99: =ROUNDUP(D99/1000,0) -> 6 | AB99: =ROUNDUP(V99/1000,0) -> 4 | AC99: =ROUNDUP(W99/1000,0) -> 2 | AD99: =ROUND(F99,0) -> 74 | AE99: =ROUNDUP(E99/1000,0) -> 1
A100: Finland | B100: High income | C100: =IF(B100="NAN",0, IF(B100="Low income",1, IF(B100="Lower middle income",2, IF(B100="Upper middle income",3, IF(B100="High income",4,""))))) -> 4 | D100: 5540.7178 | E100: 85.517006 | F100: 100 | G100: 0 | H100: 0 | I100: 0 | J100: 100 | K100: 0 | L100: 0 | M100: 0 | N100: 100 | O100: 0 | P100: 0 | Q100: 0 | R100: =COUNTA(A100:Q100) -> 17 | S100: =D100*1000 -> 5540717.8 | T100: =S100*E100/100 -> 4738255.9 | U100: =S100*X100/100 -> 802461.83 | V100: =T100/1000 -> 4738.2559 | W100: =U100/1000 -> 802.46183 | X100: =100-E100 -> 14.482994 | Y100: =ROUNDUP(E100,0) -> 86 | Z100: =ROUNDUP(X100,0) -> 15 | AA100: =ROUNDUP(D100/1000,0) -> 6 | AB100: =ROUNDUP(V100/1000,0) -> 5 | AC100: =ROUNDUP(W100/1000,0) -> 1 | AD100: =ROUND(F100,0) -> 100 | AE100: =ROUNDUP(E100/1000,0) -> 1
...

Sheet Pivot Table 1
A12: income_group_num | B12: AVERAGE of wat_bas_n | C12: AVERAGE of wat_lim_n | D12: AVERAGE of wat_unimp_n | E12: AVERAGE of wat_sur_n
A13: =A3 -> 1 | B13: =D3 -> 62.819374 | C13: =E3 -> 16.548388 | D13: =F3 -> 15.210931 | E13: =G3 -> 5.4213074
A14: =A4 -> 2 | B14: =D4 -> 82.210493 | C14: =E4 -> 5.6884251 | D14: =F4 -> 7.8981438 | E14: =G4 -> 4.2853488
A15: =A5 -> 3 | B15: =D5 -> 96.430472 | C15: =E5 -> 1.5611896 | D15: =F5 -> 1.4834061 | E15: =G5 -> 0.57265356
A16: =A6 -> 4 | B16: =D6 -> 99.560198 | C16: =E6 -> 0.17690109 | D16: =F6 -> 0.24084589 | E16: =G6 -> 0.022055377
A17: =A7 | B17: =D7 -> #DIV/0! | C17: =E7 -> #DIV/0! | D17: =F7 -> #DIV/0! | E17: =G7 -> #DIV/0!
A18: =A8 -> Grand Total | B18: =D8 -> 89.864783 | C18: =E8 -> 3.8652653 | D18: =F8 -> 4.4180107 | E18: =G8 -> 1.9154886
A20: =A9
A45: income_group_num | B45: AVERAGE of pop_u %
A46: =A3 -> 1 | B46: =C3 -> 36.044653
A47: =A4 -> 2 | B47: =C4 -> 48.789904
A48: =A5 -> 3 | B48: =C5 -> 64.685696
A49: =A6 -> 4 | B49: =C6 -> 79.355457
A72: income_group_num | B72: SUM of pop_n (th)
A73: =A3 -> 1 | B73: =B3 -> 5.9042516e+08
A74: =A4 -> 2 | B74: =B4 -> 3399310231
A75: =A5 -> 3 | B75: =B5 -> 2547637907
A76: =A6 -> 4 | B76: =B6 -> 1212076068
A78: =A7

Sheet ORDERED POP%_M
A1: Rounded_up_pop_U % | B1: Rounded_up_pop_R % | C1: Rounded-up pop_n (m)
A2: ='Estimates-on-the-use-of-water-('!Y2 -> 0 | B2: ='Estimates-on-the-use-of-water-('!Z8 -> 0 | C2: ='Estimates-on-the-use-of-water-('!AA2 -> 1
A3: ='Estimates-on-the-use-of-water-('!Y10 -> 0 | B3: ='Estimates-on-the-use-of-water-('!Z9 -> 0 | C3: ='Estimates-on-the-use-of-water-('!AA3 -> 1
A4: ='Estimates-on-the-use-of-water-('!Y5 -> 10 | B4: ='Estimates-on-the-use-of-water-('!Z15 -> 0 | C4: ='Estimates-on-the-use-of-water-('!AA4 -> 1
A5: ='Estimates-on-the-use-of-water-('!Y118 -> 14 | B5: ='Estimates-on-the-use-of-water-('!Z18 -> 0 | C5: ='Estimates-on-the-use-of-water-('!AA5 -> 1
A6: ='Estimates-on-the-use-of-water-('!Y138 -> 14 | B6: ='Estimates-on-the-use-of-water-('!Z19 -> 0 | C6: ='Estimates-on-the-use-of-water-('!AA6 -> 1
A7: ='Estimates-on-the-use-of-water-('!Y17 -> 15 | B7: ='Estimates-on-the-use-of-water-('!Z25 -> 0 | C7: ='Estimates-on-the-use-of-water-('!AA7 -> 1
A8: ='Estimates-on-the-use-of-water-('!Y159 -> 17 | B8: ='Estimates-on-the-use-of-water-('!Z52 -> 0 | C8: ='Estimates-on-the-use-of-water-('!AA8 -> 1
A9: ='Estimates-on-the-use-of-water-('!Y33 -> 18 | B9: ='Estimates-on-the-use-of-water-('!Z87 -> 0 | C9: ='Estimates-on-the-use-of-water-('!AA9 -> 1
A10: ='Estimates-on-the-use-of-water-('!Y140 -> 18 | B10: ='Estimates-on-the-use-of-water-('!Z102 -> 0 | C10: ='Estimates-on-the-use-of-water-('!AA10 -> 1
A11: ='Estimates-on-the-use-of-water-('!Y154 -> 18 | B11: ='Estimates-on-the-use-of-water-('!Z112 -> 0 | C11: ='Estimates-on-the-use-of-water-('!AA11 -> 1
A12: ='Estimates-on-the-use-of-water-('!Y32 -> 19 | B12: ='Estimates-on-the-use-of-water-('!Z56 -> 1 | C12: ='Estimates-on-the-use-of-water-('!AA12 -> 1
A13: ='Estimates-on-the-use-of-water-('!Y158 -> 19 | B13: ='Estimates-on-the-use-of-water-('!Z78 -> 1 | C13: ='Estimates-on-the-use-of-water-('!AA13 -> 1
A14: ='Estimates-on-the-use-of-water-('!Y132 -> 21 | B14: ='Estimates-on-the-use-of-water-('!Z44 -> 2 | C14: ='Estimates-on-the-use-of-water-('!AA14 -> 1
A15: ='Estimates-on-the-use-of-water-('!Y166 -> 21 | B15: ='Estimates-on-the-use-of-water-('!Z135 -> 2 | C15: ='Estimates-on-the-use-of-water-('!AA15 -> 1
A16: ='Estimates-on-the-use-of-water-('!Y203 -> 22 | B16: ='Estimates-on-the-use-of-water-('!Z16 -> 3 | C16: ='Estimates-on-the-use-of-water-('!AA16 -> 1
A17: ='Estimates-on-the-use-of-water-('!Y29 -> 24 | B17: ='Estimates-on-the-use-of-water-('!Z28 -> 5 | C17: ='Estimates-on-the-use-of-water-('!AA17 -> 1
A18: ='Estimates-on-the-use-of-water-('!Y144 -> 24 | B18: ='Estimates-on-the-use-of-water-('!Z83 -> 5 | C18: ='Estimates-on-the-use-of-water-('!AA18 -> 1
A19: ='Estimates-on-the-use-of-water-('!Y53 -> 25 | B19: ='Estimates-on-the-use-of-water-('!Z31 -> 6 | C19: ='Estimates-on-the-use-of-water-('!AA19 -> 1
A20: ='Estimates-on-the-use-of-water-('!Y59 -> 25 | B20: ='Estimates-on-the-use-of-water-('!Z46 -> 6 | C20: ='Estimates-on-the-use-of-water-('!AA20 -> 1
A21: ='Estimates-on-the-use-of-water-('!Y145 -> 25 | B21: ='Estimates-on-the-use-of-water-('!Z41 -> 7 | C21: ='Estimates-on-the-use-of-water-('!AA21 -> 1
A22: ='Estimates-on-the-use-of-water-('!Y184 -> 25 | B22: ='Estimates-on-the-use-of-water-('!Z76 -> 7 | C22: ='Estimates-on-the-use-of-water-('!AA22 -> 1
A23: ='Estimates-on-the-use-of-water-('!Y40 -> 26 | B23: ='Estimates-on-the-use-of-water-('!Z116 -> 8 | C23: ='Estimates-on-the-use-of-water-('!AA23 -> 1
A24: ='Estimates-on-the-use-of-water-('!Y55 -> 27 | B24: ='Estimates-on-the-use-of-water-('!Z147 -> 8 | C24: ='Estimates-on-the-use-of-water-('!AA24 -> 1
A25: ='Estimates-on-the-use-of-water-('!Y178 -> 27 | B25: ='Estimates-on-the-use-of-water-('!Z183 -> 8 | C25: ='Estimates-on-the-use-of-water-('!AA25 -> 1
A26: ='Estimates-on-the-use-of-water-('!Y121 -> 28 | B26: ='Estimates-on-the-use-of-water-('!Z23 -> 9 | C26: ='Estimates-on-the-use-of-water-('!AA26 -> 1
A27: ='Estimates-on-the-use-of-water-('!Y188 -> 28 | B27: ='Estimates-on-the-use-of-water-('!Z50 -> 9 | C27: ='Estimates-on-the-use-of-water-('!AA27 -> 1
A28: ='Estimates-on-the-use-of-water-('!Y70 -> 30 | B28: ='Estimates-on-the-use-of-water-('!Z128 -> 9 | C28: ='Estimates-on-the-use-of-water-('!AA28 -> 1
A29: ='Estimates-on-the-use-of-water-('!Y157 -> 31 | B29: ='Estimates-on-the-use-of-water-('!Z204 -> 9 | C29: ='Estimates-on-the-use-of-water-('!AA29 -> 1
A30: ='Estimates-on-the-use-of-water-('!Y38 -> 32 | B30: ='Estimates-on-the-use-of-water-('!Z71 -> 10 | C30: ='Estimates-on-the-use-of-water-('!AA30 -> 1
A31: ='Estimates-on-the-use-of-water-('!Y62 -> 32 | B31: ='Estimates-on-the-use-of-water-('!Z6 -> 11 | C31: ='Estimates-on-the-use-of-water-('!AA31 -> 1
A32: ='Estimates-on-the-use-of-water-('!Y189 -> 32 | B32: ='Estimates-on-the-use-of-water-('!Z42 -> 11 | C32: ='Estimates-on-the-use-of-water-('!AA32 -> 1
A33: ='Estimates-on-the-use-of-water-('!Y142 -> 33 | B33: ='Estimates-on-the-use-of-water-('!Z65 -> 11 | C33: ='Estimates-on-the-use-of-water-('!AA33 -> 1
A34: ='Estimates-on-the-use-of-water-('!Y213 -> 35 | B34: ='Estimates-on-the-use-of-water-('!Z101 -> 12 | C34: ='Estimates-on-the-use-of-water-('!AA34 -> 1
A35: ='Estimates-on-the-use-of-water-('!Y181 -> 36 | B35: ='Estimates-on-the-use-of-water-('!Z107 -> 12 | C35: ='Estimates-on-the-use-of-water-('!AA35 -> 1
A36: ='Estimates-on-the-use-of-water-('!Y191 -> 36 | B36: ='Estimates-on-the-use-of-water-('!Z165 -> 12 | C36: ='Estimates-on-the-use-of-water-('!AA36 -> 1
A37: ='Estimates-on-the-use-of-water-('!Y105 -> 37 | B37: ='Estimates-on-the-use-of-water-('!Z21 -> 13 | C37: ='Estimates-on-the-use-of-water-('!AA37 -> 1
A38: ='Estimates-on-the-use-of-water-('!Y111 -> 37 | B38: ='Estimates-on-the-use-of-water-('!Z22 -> 13 | C38: ='Estimates-on-the-use-of-water-('!AA38 -> 1
A39: ='Estimates-on-the-use-of-water-('!Y141 -> 37 | B39: ='Estimates-on-the-use-of-water-('!Z26 -> 13 | C39: ='Estimates-on-the-use-of-water-('!AA39 -> 1
A40: ='Estimates-on-the-use-of-water-('!Y167 -> 38 | B40: ='Estimates-on-the-use-of-water-('!Z123 -> 13 | C40: ='Estimates-on-the-use-of-water-('!AA40 -> 1
A41: ='Estimates-on-the-use-of-water-('!Y169 -> 38 | B41: ='Estimates-on-the-use-of-water-('!Z125 -> 13 | C41: ='Estimates-on-the-use-of-water-('!AA41 -> 1
A42: ='Estimates-on-the-use-of-water-('!Y200 -> 38 | B42: ='Estimates-on-the-use-of-water-('!Z153 -> 13 | C42: ='Estimates-on-the-use-of-water-('!AA42 -> 1
A43: ='Estimates-on-the-use-of-water-('!Y210 -> 38 | B43: ='Estimates-on-the-use-of-water-('!Z209 -> 13 | C43: ='Estimates-on-the-use-of-water-('!AA43 -> 1
A44: ='Estimates-on-the-use-of-water-('!Y164 -> 39 | B44: ='Estimates-on-the-use-of-water-('!Z90 -> 14 | C44: ='Estimates-on-the-use-of-water-('!AA44 -> 1
A45: ='Estimates-on-the-use-of-water-('!Y207 -> 39 | B45: ='Estimates-on-the-use-of-water-('!Z96 -> 14 | C45: ='Estimates-on-the-use-of-water-('!AA45 -> 1
A46: ='Estimates-on-the-use-of-water-('!Y7 -> 41 | B46: ='Estimates-on-the-use-of-water-('!Z160 -> 14 | C46: ='Estimates-on-the-use-of-water-('!AA46 -> 1
A47: ='Estimates-on-the-use-of-water-('!Y47 -> 41 | B47: ='Estimates-on-the-use-of-water-('!Z39 -> 15 | C47: ='Estimates-on-the-use-of-water-('!AA47 -> 1
A48: ='Estimates-on-the-use-of-water-('!Y61 -> 41 | B48: ='Estimates-on-the-use-of-water-('!Z100 -> 15 | C48: ='Estimates-on-the-use-of-water-('!AA48 -> 1
A49: ='Estimates-on-the-use-of-water-('!Y20 -> 43 | B49: ='Estimates-on-the-use-of-water-('!Z174 -> 16 | C49: ='Estimates-on-the-use-of-water-('!AA49 -> 1
A50: ='Estimates-on-the-use-of-water-('!Y54 -> 43 | B50: ='Estimates-on-the-use-of-water-('!Z194 -> 17 | C50: ='Estimates-on-the-use-of-water-('!AA50 -> 1
A51: ='Estimates-on-the-use-of-water-('!Y85 -> 43 | B51: ='Estimates-on-the-use-of-water-('!Z97 -> 18 | C51: ='Estimates-on-the-use-of-water-('!AA51 -> 1
A52: ='Estimates-on-the-use-of-water-('!Y91 -> 43 | B52: ='Estimates-on-the-use-of-water-('!Z131 -> 18 | C52: ='Estimates-on-the-use-of-water-('!AA52 -> 1
A53: ='Estimates-on-the-use-of-water-('!Y113 -> 43 | B53: ='Estimates-on-the-use-of-water-('!Z212 -> 18 | C53: ='Estimates-on-the-use-of-water-('!AA53 -> 1
A54: ='Estimates-on-the-use-of-water-('!Y114 -> 43 | B54: ='Estimates-on-the-use-of-water-('!Z176 -> 19 | C54: ='Estimates-on-the-use-of-water-('!AA54 -> 1
A55: ='Estimates-on-the-use-of-water-('!Y201 -> 43 | B55: ='Estimates-on-the-use-of-water-('!Z186 -> 19 | C55: ='Estimates-on-the-use-of-water-('!AA55 -> 1
A56: ='Estimates-on-the-use-of-water-('!Y156 -> 44 | B56: ='Estimates-on-the-use-of-water-('!Z187 -> 19 | C56: ='Estimates-on-the-use-of-water-('!AA56 -> 1
A57: ='Estimates-on-the-use-of-water-('!Y67 -> 45 | B57: ='Estimates-on-the-use-of-water-('!Z13 -> 20 | C57: ='Estimates-on-the-use-of-water-('!AA57 -> 1
A58: ='Estimates-on-the-use-of-water-('!Y151 -> 45 | B58: ='Estimates-on-the-use-of-water-('!Z94 -> 20 | C58: ='Estimates-on-the-use-of-water-('!AA58 -> 1
A59: ='Estimates-on-the-use-of-water-('!Y35 -> 46 | B59: ='Estimates-on-the-use-of-water-('!Z108 -> 20 | C59: ='Estimates-on-the-use-of-water-('!AA59 -> 2
A60: ='Estimates-on-the-use-of-water-('!Y199 -> 46 | B60: ='Estimates-on-the-use-of-water-('!Z185 -> 20 | C60: ='Estimates-on-the-use-of-water-('!AA60 -> 2
A61: ='Estimates-on-the-use-of-water-('!Y3 -> 47 | B61: ='Estimates-on-the-use-of-water-('!Z193 -> 20 | C61: ='Estimates-on-the-use-of-water-('!AA61 -> 2
A62: ='Estimates-on-the-use-of-water-('!Y43 -> 47 | B62: ='Estimates-on-the-use-of-water-('!Z205 -> 20 | C62: ='Estimates-on-the-use-of-water-('!AA62 -> 2
A63: ='Estimates-on-the-use-of-water-('!Y143 -> 47 | B63: ='Estimates-on-the-use-of-water-('!Z120 -> 21 | C63: ='Estimates-on-the-use-of-water-('!AA63 -> 2
A64: ='Estimates-on-the-use-of-water-('!Y202 -> 48 | B64: ='Estimates-on-the-use-of-water-('!Z129 -> 21 | C64: ='Estimates-on-the-use-of-water-('!AA64 -> 2
A65: ='Estimates-on-the-use-of-water-('!Y14 -> 49 | B65: ='Estimates-on-the-use-of-water-('!Z4 -> 22 | C65: ='Estimates-on-the-use-of-water-('!AA65 -> 2
A66: ='Estimates-on-the-use-of-water-('!Y139 -> 49 | B66: ='Estimates-on-the-use-of-water-('!Z45 -> 22 | C66: ='Estimates-on-the-use-of-water-('!AA66 -> 2
A67: ='Estimates-on-the-use-of-water-('!Y146 -> 49 | B67: ='Estimates-on-the-use-of-water-('!Z58 -> 22 | C67: ='Estimates-on-the-use-of-water-('!AA67 -> 2
A68: ='Estimates-on-the-use-of-water-('!Y82 -> 50 | B68: ='Estimates-on-the-use-of-water-('!Z172 -> 22 | C68: ='Estimates-on-the-use-of-water-('!AA68 -> 3
A69: ='Estimates-on-the-use-of-water-('!Y173 -> 51 | B69: ='Estimates-on-the-use-of-water-('!Z24 -> 23 | C69: ='Estimates-on-the-use-of-water-('!AA69 -> 3
A70: ='Estimates-on-the-use-of-water-('!Y150 -> 52 | B70: ='Estimates-on-the-use-of-water-('!Z133 -> 23 | C70: ='Estimates-on-the-use-of-water-('!AA70 -> 3
A71: ='Estimates-on-the-use-of-water-('!Y162 -> 52 | B71: ='Estimates-on-the-use-of-water-('!Z170 -> 23 | C71: ='Estimates-on-the-use-of-water-('!AA71 -> 3
A72: ='Estimates-on-the-use-of-water-('!Y195 -> 52 | B72: ='Estimates-on-the-use-of-water-('!Z196 -> 23 | C72: ='Estimates-on-the-use-of-water-('!AA72 -> 3
A73: ='Estimates-on-the-use-of-water-('!Y208 -> 52 | B73: ='Estimates-on-the-use-of-water-('!Z95 -> 24 | C73: ='Estimates-on-the-use-of-water-('!AA73 -> 3
A74: ='Estimates-on-the-use-of-water-('!Y27 -> 53 | B74: ='Estimates-on-the-use-of-water-('!Z198 -> 24 | C74: ='Estimates-on-the-use-of-water-('!AA74 -> 3
A75: ='Estimates-on-the-use-of-water-('!Y74 -> 53 | B75: ='Estimates-on-the-use-of-water-('!Z12 -> 25 | C75: ='Estimates-on-the-use-of-water-('!AA75 -> 3
A76: ='Estimates-on-the-use-of-water-('!Y93 -> 53 | B76: ='Estimates-on-the-use-of-water-('!Z109 -> 25 | C76: ='Estimates-on-the-use-of-water-('!AA76 -> 3
A77: ='Estimates-on-the-use-of-water-('!Y103 -> 53 | B77: ='Estimates-on-the-use-of-water-('!Z197 -> 25 | C77: ='Estimates-on-the-use-of-water-('!AA77 -> 3
A78: ='Estimates-on-the-use-of-water-('!Y64 -> 54 | B78: ='Estimates-on-the-use-of-water-('!Z34 -> 26 | C78: ='Estimates-on-the-use-of-water-('!AA78 -> 3
A79: ='Estimates-on-the-use-of-water-('!Y98 -> 54 | B79: ='Estimates-on-the-use-of-water-('!Z130 -> 26 | C79: ='Estimates-on-the-use-of-water-('!AA79 -> 3
A80: ='Estimates-on-the-use-of-water-('!Y155 -> 55 | B80: ='Estimates-on-the-use-of-water-('!Z206 -> 26 | C80: ='Estimates-on-the-use-of-water-('!AA80 -> 3
A81: ='Estimates-on-the-use-of-water-('!Y30 -> 56 | B81: ='Estimates-on-the-use-of-water-('!Z104 -> 27 | C81: ='Estimates-on-the-use-of-water-('!AA81 -> 4
A82: ='Estimates-on-the-use-of-water-('!Y68 -> 56 | B82: ='Estimates-on-the-use-of-water-('!Z115 -> 27 | C82: ='Estimates-on-the-use-of-water-('!AA82 -> 4
A83: ='Estimates-on-the-use-of-water-('!Y89 -> 56 | B83: ='Estimates-on-the-use-of-water-('!Z182 -> 27 | C83: ='Estimates-on-the-use-of-water-('!AA83 -> 4
A84: ='Estimates-on-the-use-of-water-('!Y148 -> 56 | B84: ='Estimates-on-the-use-of-water-('!Z37 -> 29 | C84: ='Estimates-on-the-use-of-water-('!AA84 -> 4
A85: ='Estimates-on-the-use-of-water-('!Y79 -> 57 | B85: ='Estimates-on-the-use-of-water-('!Z122 -> 29 | C85: ='Estimates-on-the-use-of-water-('!AA85 -> 5
A86: ='Estimates-on-the-use-of-water-('!Y117 -> 57 | B86: ='Estimates-on-the-use-of-water-('!Z192 -> 29 | C86: ='Estimates-on-the-use-of-water-('!AA86 -> 5
A87: ='Estimates-on-the-use-of-water-('!Y126 -> 57 | B87: ='Estimates-on-the-use-of-water-('!Z72 -> 30 | C87: ='Estimates-on-the-use-of-water-('!AA87 -> 5
A88: ='Estimates-on-the-use-of-water-('!Y211 -> 57 | B88: ='Estimates-on-the-use-of-water-('!Z136 -> 30 | C88: ='Estimates-on-the-use-of-water-('!AA88 -> 5
A89: ='Estimates-on-the-use-of-water-('!Y57 -> 58 | B89: ='Estimates-on-the-use-of-water-('!Z179 -> 30 | C89: ='Estimates-on-the-use-of-water-('!AA89 -> 5
A90: ='Estimates-on-the-use-of-water-('!Y86 -> 58 | B90: ='Estimates-on-the-use-of-water-('!Z63 -> 31 | C90: ='Estimates-on-the-use-of-water-('!AA90 -> 5
A91: ='Estimates-on-the-use-of-water-('!Y134 -> 58 | B91: ='Estimates-on-the-use-of-water-('!Z137 -> 31 | C91: ='Estimates-on-the-use-of-water-('!AA91 -> 5
A92: ='Estimates-on-the-use-of-water-('!Y152 -> 58 | B92: ='Estimates-on-the-use-of-water-('!Z180 -> 31 | C92: ='Estimates-on-the-use-of-water-('!AA92 -> 5
A93: ='Estimates-on-the-use-of-water-('!Y163 -> 58 | B93: ='Estimates-on-the-use-of-water-('!Z66 -> 32 | C93: ='Estimates-on-the-use-of-water-('!AA93 -> 6
A94: ='Estimates-on-the-use-of-water-('!Y168 -> 58 | B94: ='Estimates-on-the-use-of-water-('!Z75 -> 32 | C94: ='Estimates-on-the-use-of-water-('!AA94 -> 6
A95: ='Estimates-on-the-use-of-water-('!Y69 -> 59 | B95: ='Estimates-on-the-use-of-water-('!Z81 -> 32 | C95: ='Estimates-on-the-use-of-water-('!AA95 -> 6
A96: ='Estimates-on-the-use-of-water-('!Y119 -> 59 | B96: ='Estimates-on-the-use-of-water-('!Z88 -> 32 | C96: ='Estimates-on-the-use-of-water-('!AA96 -> 6
A97: ='Estimates-on-the-use-of-water-('!Y124 -> 59 | B97: ='Estimates-on-the-use-of-water-('!Z51 -> 33 | C97: ='Estimates-on-the-use-of-water-('!AA97 -> 6
A98: ='Estimates-on-the-use-of-water-('!Y84 -> 60 | B98: ='Estimates-on-the-use-of-water-('!Z99 -> 33 | C98: ='Estimates-on-the-use-of-water-('!AA98 -> 6
A99: ='Estimates-on-the-use-of-water-('!Y106 -> 60 | B99: ='Estimates-on-the-use-of-water-('!Z190 -> 33 | C99: ='Estimates-on-the-use-of-water-('!AA99 -> 6
A100: ='Estimates-on-the-use-of-water-('!Y177 -> 61 | B100: ='Estimates-on-the-use-of-water-('!Z48 -> 34 | C100: ='Estimates-on-the-use-of-water-('!AA100 -> 6
...

Sheet Global 2020 Report.
A1: pop_n | B1: pop_world | C1: pop_u_val
A2: =SUM('Estimates-on-the-use-of-water-('!S:S) -> 7786713708 | B2: =7.821*1000000000 -> 7821000000 | C2: =SUM('Estimates-on-the-use-of-water-('!T:T) -> 4375331317
A11: Metric | B11: Value
A12: Dataset Population | B12: 7786713708
A13: World Population | B13: 7821000000
A14: Population % Difference | B14: =ABS(B12-B13) -> 34286292
A15: Percentage Difference | B15: =(ABS(B12-B13)/((B12+B13)/2))*100 -> 0.4393506
A16: Coverage Percentage | B16: =ABS(B12/B13)*100 -> 99.561612
A23: FEATURES | B23: MAX | C23: MIN | D23: mean | E23: median | F23: mode | G23: QRTL 1 | H23: QRTL 3 | I23: IQR | J23: STDEV
A24: wat_bas_n (Basic water) | B24: =MAX('Estimates-on-the-use-of-water-('!AD:AD) -> 100 | C24: =MIN('Estimates-on-the-use-of-water-('!AD:AD) -> 37 | D24: =AVERAGE('Estimates-on-the-use-of-water-('!AD:AD) -> 89.867299 | E24: =MEDIAN('Estimates-on-the-use-of-water-('!AD:AD) -> 97 | F24: =MODE('Estimates-on-the-use-of-water-('!AD:AD) -> 100 | G24: =_xlfn.QUARTILE.INC('Estimates-on-the-use-of-water-('!AD:AD,1) -> 85.5 | H24: =_xlfn.QUARTILE.INC('Estimates-on-the-use-of-water-('!AD:AD,3) -> 100 | I24: =H24-G24 -> 14.5 | J24: =_xlfn.STDEV.S('Estimates-on-the-use-of-water-('!AD:AD) -> 15.114529
A25: wat_lim_n (Limited water) | B25: =MAX('Estimates-on-the-use-of-water-('!G2:G214) -> 37.426963 | C25: =MIN('Estimates-on-the-use-of-water-('!G:G) -> 0 | D25: =AVERAGE('Estimates-on-the-use-of-water-('!G:G) -> 3.8652653 | E25: =MEDIAN('Estimates-on-the-use-of-water-('!G:G) -> 0.47078292 | F25: =MODE('Estimates-on-the-use-of-water-('!G:G) -> 0 | G25: =_xlfn.QUARTILE.INC('Estimates-on-the-use-of-water-('!G:G,1) -> 0 | H25: =_xlfn.QUARTILE.INC('Estimates-on-the-use-of-water-('!G:G,3) -> 4.8512192 | I25: =H25-G25 -> 4.8512192 | J25: =_xlfn.STDEV.S('Estimates-on-the-use-of-water-('!G:G) -> 6.9608466
A26: wat_unimp_n (Unimproved water) | B26: =MAX('Estimates-on-the-use-of-water-('!H2:H214) -> 33.539114 | C26: =MIN('Estimates-on-the-use-of-water-('!H:H) -> 0 | D26: =AVERAGE('Estimates-on-the-use-of-water-('!H:H) -> 4.4180107 | E26: =MEDIAN('Estimates-on-the-use-of-water-('!H:H) -> 0.85364747 | F26: =MODE('Estimates-on-the-use-of-water-('!H:H) -> 0 | G26: =_xlfn.QUARTILE.INC('Estimates-on-the-use-of-water-('!H:H,1) -> 0.033906223 | H26: =_xlfn.QUARTILE.INC('Estimates-on-the-use-of-water-('!H:H,3) -> 5.2793099 | I26: =H26-G26 -> 5.2454037 | J26: =_xlfn.STDEV.S('Estimates-on-the-use-of-water-('!H:H) -> 7.174477
A27: wat_sur_n (Surface water) | B27: =MAX('Estimates-on-the-use-of-water-('!I2:I214) -> 30.369793 | C27: =MIN('Estimates-on-the-use-of-water-('!I:I) -> 0 | D27: =AVERAGE('Estimates-on-the-use-of-water-('!I:I) -> 1.9154886 | E27: =MEDIAN('Estimates-on-the-use-of-water-('!I:I) -> 0 | F27: =MODE('Estimates-on-the-use-of-water-('!I:I) -> 0 | G27: =_xlfn.QUARTILE.INC('Estimates-on-the-use-of-water-('!I:I,1) -> 0 | H27: =_xlfn.QUARTILE.INC('Estimates-on-the-use-of-water-('!I:I,3) -> 1.878302 | I27: =H27-G27 -> 1.878302 | J27: =_xlfn.STDEV.S('Estimates-on-the-use-of-water-('!I:I) -> 3.923974
A31: Feature | B31: Low (Min) | C31: Open (Q1) | D31: Close (Q3) | E31: High (Max)
A32: wat_bas_n | B32: =C24 -> 37 | C32: =G24 -> 85.5 | D32: =H24 -> 100 | E32: =B24 -> 100
A33: wat_lim_n | B33: =C25 -> 0 | C33: =G25 -> 0 | D33: =H25 -> 4.8512192 | E33: =B25 -> 37.426963
A34: wat_unimp_n | B34: =C26 -> 0 | C34: =G26 -> 0.033906223 | D34: =H26 -> 5.2793099 | E34: =B26 -> 33.539114
A35: wat_sur_n | B35: =C27 -> 0 | C35: =G27 -> 0 | D35: =H27 -> 1.878302 | E35: =B27 -> 30.369793
A47: FEATURES | B47: MAX | C47: MIN | D47: mean | E47: median | F47: mode | G47: QRTL 1 | H47: QRTL 3 | I47: IQR | J47: STDEV
A48: wat_bas_u (Basic water) | B48: =MAX('Estimates-on-the-use-of-water-('!N:N) -> 100 | C48: =MIN('Estimates-on-the-use-of-water-('!N:N) -> 49.661665 | D48: =AVERAGE('Estimates-on-the-use-of-water-('!N:N) -> 94.68984 | E48: =MEDIAN('Estimates-on-the-use-of-water-('!N:N) -> 98.106628 | F48: =MODE('Estimates-on-the-use-of-water-('!N:N) -> 100 | G48: =_xlfn.QUARTILE.INC('Estimates-on-the-use-of-water-('!N:N,1) -> 92.562878 | H48: =_xlfn.QUARTILE.INC('Estimates-on-the-use-of-water-('!N:N,3) -> 99.949418 | I48: =H48-G48 -> 7.3865405 | J48: =_xlfn.STDEV.S('Estimates-on-the-use-of-water-('!N:N) -> 8.0388616
A49: wat_lim_u (Limited water) | B49: =MAX('Estimates-on-the-use-of-water-('!O:O) -> 34.27978 | C49: =MIN('Estimates-on-the-use-of-water-('!O:O) -> 0 | D49: =AVERAGE('Estimates-on-the-use-of-water-('!O:O) -> 3.2818387 | E49: =MEDIAN('Estimates-on-the-use-of-water-('!O:O) -> 0.5 | F49: =MODE('Estimates-on-the-use-of-water-('!O:O) -> 0 | G49: =_xlfn.QUARTILE.INC('Estimates-on-the-use-of-water-('!O:O,1) -> 0 | H49: =_xlfn.QUARTILE.INC('Estimates-on-the-use-of-water-('!O:O,3) -> 3.9663472 | I49: =H49-G49 -> 3.9663472 | J49: =_xlfn.STDEV.S('Estimates-on-the-use-of-water-('!O:O) -> 5.635067
A50: wat_unimp_u (Unimproved water) | B50: =MAX('Estimates-on-the-use-of-water-('!P:P) -> 19.835807 | C50: =MIN('Estimates-on-the-use-of-water-('!P:P) -> 0 | D50: =AVERAGE('Estimates-on-the-use-of-water-('!P:P) -> 1.7187852 | E50: =MEDIAN('Estimates-on-the-use-of-water-('!P:P) -> 0.349874 | F50: =MODE('Estimates-on-the-use-of-water-('!P:P) -> 0 | G50: =_xlfn.QUARTILE.INC('Estimates-on-the-use-of-water-('!P:P,1) -> 0 | H50: =_xlfn.QUARTILE.INC('Estimates-on-the-use-of-water-('!P:P,3) -> 2.0590013 | I50: =H50-G50 -> 2.0590013 | J50: =_xlfn.STDEV.S('Estimates-on-the-use-of-water-('!P:P) -> 3.2345703
A51: wat_sur_u (Surface water) | B51: =MAX('Estimates-on-the-use-of-water-('!Q:Q) -> 6.3621605 | C51: =MIN('Estimates-on-the-use-of-water-('!Q:Q) -> 0 | D51: =AVERAGE('Estimates-on-the-use-of-water-('!Q:Q) -> 0.31311484 | E51: =MEDIAN('Estimates-on-the-use-of-water-('!Q:Q) -> 0 | F51: =MODE('Estimates-on-the-use-of-water-('!Q:Q) -> 0 | G51: =_xlfn.QUARTILE.INC('Estimates-on-the-use-of-water-('!Q:Q,1) -> 0 | H51: =_xlfn.QUARTILE.INC('Estimates-on-the-use-of-water-('!Q:Q,3) -> 0.15970568 | I51: =H51-G51 -> 0.15970568 | J51: =_xlfn.STDEV.S('Estimates-on-the-use-of-water-('!Q:Q) -> 0.86963164
A54: Feature | B54: Low (Min) | C54: Open (Q1) | D54: Close (Q3) | E54: High (Max)
A55: =A48 -> wat_bas_u (Basic water) | B55: =C48 -> 49.661665 | C55: =G48 -> 92.562878 | D55: =H48 -> 99.949418 | E55: =B48 -> 100
A56: =A49 -> wat_lim_u (Limited water) | B56: =C49 -> 0 | C56: =G49 -> 0 | D56: =H49 -> 3.9663472 | E56: =B49 -> 34.27978
A57: =A50 -> wat_unimp_u (Unimproved water) | B57: =C50 -> 0 | C57: =G50 -> 0 | D57: =H50 -> 2.0590013 | E57: =B50 -> 19.835807
A58: =A51 -> wat_sur_u (Surface water) | B58: =C51 -> 0 | C58: =G51 -> 0 | D58: =H51 -> 0.15970568 | E58: =B51 -> 6.3621605
A72: FEATURES | B72: MAX | C72: MIN | D72: mean | E72: median | F72: mode | G72: QRTL 1 | H72: QRTL 3 | I72: IQR | J72: STDEV
A73: wat_bas_r (Basic water) | B73: =MAX('Estimates-on-the-use-of-water-('!J:J) -> 100 | C73: =MIN('Estimates-on-the-use-of-water-('!J:J) -> 21.982792 | D73: =AVERAGE('Estimates-on-the-use-of-water-('!J:J) -> 81.335918 | E73: =MEDIAN('Estimates-on-the-use-of-water-('!J:J) -> 90.731617 | F73: =MODE('Estimates-on-the-use-of-water-('!J:J) -> 100 | G73: =_xlfn.QUARTILE.INC('Estimates-on-the-use-of-water-('!J:J,1) -> 64.825421 | H73: =_xlfn.QUARTILE.INC('Estimates-on-the-use-of-water-('!J:J,3) -> 99.119242 | I73: =H73-G73 -> 34.293821 | J73: =_xlfn.STDEV.S('Estimates-on-the-use-of-water-('!J:J) -> 21.506637
A74: wat_lim_r (Limited water) | B74: =MAX('Estimates-on-the-use-of-water-('!K:K) -> 42.164381 | C74: =MIN('Estimates-on-the-use-of-water-('!K:K) -> 0 | D74: =AVERAGE('Estimates-on-the-use-of-water-('!K:K) -> 5.8365625 | E74: =MEDIAN('Estimates-on-the-use-of-water-('!K:K) -> 1.8123308 | F74: =MODE('Estimates-on-the-use-of-water-('!K:K) -> 0 | G74: =_xlfn.QUARTILE.INC('Estimates-on-the-use-of-water-('!K:K,1) -> 0 | H74: =_xlfn.QUARTILE.INC('Estimates-on-the-use-of-water-('!K:K,3) -> 8.5531751 | I74: =H74-G74 -> 8.5531751 | J74: =_xlfn.STDEV.S('Estimates-on-the-use-of-water-('!K:K) -> 8.7047658
A75: wat_unimp_r (Unimproved water) | B75: =MAX('Estimates-on-the-use-of-water-('!L:L) -> 51.215982 | C75: =MIN('Estimates-on-the-use-of-water-('!L:L) -> 0 | D75: =AVERAGE('Estimates-on-the-use-of-water-('!L:L) -> 8.7322615 | E75: =MEDIAN('Estimates-on-the-use-of-water-('!L:L) -> 3.2297497 | F75: =MODE('Estimates-on-the-use-of-water-('!L:L) -> 0 | G75: =_xlfn.QUARTILE.INC('Estimates-on-the-use-of-water-('!L:L,1) -> 0.15841092 | H75: =_xlfn.QUARTILE.INC('Estimates-on-the-use-of-water-('!L:L,3) -> 13.266339 | I75: =H75-G75 -> 13.107928 | J75: =_xlfn.STDEV.S('Estimates-on-the-use-of-water-('!L:L) -> 11.828494
A76: wat_sur_r (Surface water) | B76: =MAX('Estimates-on-the-use-of-water-('!M:M) -> 40.518132 | C76: =MIN('Estimates-on-the-use-of-water-('!M:M) -> 0 | D76: =AVERAGE('Estimates-on-the-use-of-water-('!M:M) -> 4.2240396 | E76: =MEDIAN('Estimates-on-the-use-of-water-('!M:M) -> 0.21968974 | F76: =MODE('Estimates-on-the-use-of-water-('!M:M) -> 0 | G76: =_xlfn.QUARTILE.INC('Estimates-on-the-use-of-water-('!M:M,1) -> 0 | H76: =_xlfn.QUARTILE.INC('Estimates-on-the-use-of-water-('!M:M,3) -> 6.1574715 | I76: =H76-G76 -> 6.1574715 | J76: =_xlfn.STDEV.S('Estimates-on-the-use-of-water-('!M:M) -> 6.8479514
A80: Feature | B80: Low (Min) | C80: Open (Q1) | D80: Close (Q3) | E80: High (Max)
A81: =A73 -> wat_bas_r (Basic water) | B81: =C73 -> 21.982792 | C81: =G73 -> 64.825421 | D81: =H73 -> 99.119242 | E81: =B73 -> 100
A82: =A74 -> wat_lim_r (Limited water) | B82: =C74 -> 0 | C82: =G74 -> 0 | D82: =H74 -> 8.5531751 | E82: =B74 -> 42.164381
A83: =A75 -> wat_unimp_r (Unimproved water) | B83: =C75 -> 0 | C83: =G75 -> 0.15841092 | D83: =H75 -> 13.266339 | E83: =B75 -> 51.215982
A84: =A76 -> wat_sur_r (Surface water) | B84: =C76 -> 0 | C84: =G76 -> 0 | D84: =H76 -> 6.1574715 | E84: =B76 -> 40.518132
A99: Feature | B99: Low (Min) | C99: Open (Q1) | D99: Close (Q3) | E99: High (Max)
A100: wat_bas_n | B100: 37 | C100: 85.5 | D100: 100 | E100: 100
A101: wat_lim_n | B101: 0 | C101: 0 | D101: 4.8512192 | E101: 37.426963
A102: wat_unimp_n | B102: 0 | C102: 0.033906223 | D102: 5.2793099 | E102: 33.539114
A103: wat_sur_n | B103: 0 | C103: 0 | D103: 1.878302 | E103: 30.369793
A104: wat_bas_u (Basic water) | B104: 49.661665 | C104: 92.562878 | D104: 99.949418 | E104: 100
A105: wat_lim_u (Limited water) | B105: 0 | C105: 0 | D105: 3.9663472 | E105: 34.27978
A106: wat_unimp_u (Unimproved water) | B106: 0 | C106: 0 | D106: 2.0590013 | E106: 19.835807
A107: wat_sur_u (Surface water) | B107: 0 | C107: 0 | D107: 0.15970568 | E107: 6.3621605
A108: wat_bas_r (Basic water) | B108: 21.982792 | C108: 64.825421 | D108: 99.119242 | E108: 100
A109: wat_lim_r (Limited water) | B109: 0 | C109: 0 | D109: 8.5531751 | E109: 42.164381
A110: wat_unimp_r (Unimproved water) | B110: 0 | C110: 0.15841092 | D110: 13.266339 | E110: 51.215982
A111: wat_sur_r (Surface water) | B111: 0 | C111: 0 | D111: 6.1574715 | E111: 40.518132

Sheet access distribution dashboard
A2: Feature | B2: Low (Min) | C2: Open (Q1) | D2: Close (Q3) | E2: High (Max)
A3: wat_bas_n | B3: 37 | C3: 85.5 | D3: 100 | E3: 100
A4: wat_lim_n | B4: 0 | C4: 0 | D4: 4.8512192 | E4: 37.426963
A5: wat_unimp_n | B5: 0 | C5: 0.033906223 | D5: 5.2793099 | E5: 33.539114
A6: wat_sur_n | B6: 0 | C6: 0 | D6: 1.878302 | E6: 30.369793
A7: wat_bas_u (Basic water) | B7: 49.661665 | C7: 92.562878 | D7: 99.949418 | E7: 100
A8: wat_lim_u (Limited water) | B8: 0 | C8: 0 | D8: 3.9663472 | E8: 34.27978
A9: wat_unimp_u (Unimproved water) | B9: 0 | C9: 0 | D9: 2.0590013 | E9: 19.835807
A10: wat_sur_u (Surface water) | B10: 0 | C10: 0 | D10: 0.15970568 | E10: 6.3621605
A11: wat_bas_r (Basic water) | B11: 21.982792 | C11: 64.825421 | D11: 99.119242 | E11: 100
A12: wat_lim_r (Limited water) | B12: 0 | C12: 0 | D12: 8.5531751 | E12: 42.164381
A13: wat_unimp_r (Unimproved water) | B13: 0 | C13: 0.15841092 | D13: 13.266339 | E13: 51.215982
A14: wat_sur_r (Surface water) | B14: 0 | C14: 0 | D14: 6.1574715 | E14: 40.518132

Sheet ORDERED AND AGGREGATED POPvsACC
R5: COMMENT
R6: Analysis | S6: Independent variable | T6: Main observation
R7: National | S7: Population size | T7: No clear, consistent relationship
R8: Urban | S8: Urban population share | T8: Basic access remains dominant across most groups
R9: Rural | S9: Rural population share | T9: Higher rural shares appear to coincide with more lower-level access

Sheet Sheet2

Sheet Sheet6
